_CPU_utilization,_disk_read,_disk_utilization,_disk_write,_load_average,_mem_utilization,_net_rx,_net_rx_drop,_net_rx_err,_net_tx,_net_tx_drop,_net_tx_err,label,timestamp
1.047,0,18.1636,360.5333,16.25,14.6743,15.1656,0,0,23.0296,0,0,egde-sample-small-01-control-plane-f7dd6,17:53:51 12/22/22 UTC
1.047,0,18.1636,360.5333,16.25,14.6743,15.1656,0,0,23.0296,0,0,egde-sample-small-01-control-plane-f7dd6,17:54:00 12/22/22 UTC
1.047,0,18.1636,360.5333,16.25,14.6743,15.1656,0,0,23.0296,0,0,egde-sample-small-01-control-plane-f7dd6,17:54:08 12/22/22 UTC
0.5227,0,18.1636,183.2381,16.25,14.6743,7.5161,0,0,11.5686,0,0,egde-sample-small-01-control-plane-f7dd6,17:54:16 12/22/22 UTC
0.5227,0,18.1636,183.2381,16.25,14.6743,7.5161,0,0,11.5686,0,0,egde-sample-small-01-control-plane-f7dd6,17:54:24 12/22/22 UTC
1.0468,0,18.1669,306.2857,14.75,14.6594,14.6931,0,0,22.3162,0,0,egde-sample-small-01-control-plane-f7dd6,17:54:32 12/22/22 UTC
1.0468,0,18.1669,306.2857,14.75,14.6594,14.6931,0,0,22.3162,0,0,egde-sample-small-01-control-plane-f7dd6,17:54:40 12/22/22 UTC
1.0468,0,18.1669,306.2857,14.75,14.6594,14.6931,0,0,22.3162,0,0,egde-sample-small-01-control-plane-f7dd6,17:54:48 12/22/22 UTC
1.0468,0,18.1669,306.2857,14.75,14.6594,14.6931,0,0,22.3162,0,0,egde-sample-small-01-control-plane-f7dd6,17:54:56 12/22/22 UTC
1.0468,0,18.1669,306.2857,14.75,14.6594,14.6931,0,0,22.3162,0,0,egde-sample-small-01-control-plane-f7dd6,17:55:05 12/22/22 UTC
0.5242,0,18.1669,123.0476,14.75,14.6594,7.177,0,0,10.7476,0,0,egde-sample-small-01-control-plane-f7dd6,17:55:13 12/22/22 UTC
0.5242,0,18.1669,123.0476,14.75,14.6594,7.177,0,0,10.7476,0,0,egde-sample-small-01-control-plane-f7dd6,17:55:22 12/22/22 UTC
1.049,0,18.1701,340.0381,13.5,13.5602,15.0153,0,0,23.3935,0,0,egde-sample-small-01-control-plane-f7dd6,17:55:31 12/22/22 UTC
1.049,0,18.1701,340.0381,13.5,13.5602,15.0153,0,0,23.3935,0,0,egde-sample-small-01-control-plane-f7dd6,17:55:39 12/22/22 UTC
1.049,0,18.1701,340.0381,13.5,13.5602,15.0153,0,0,23.3935,0,0,egde-sample-small-01-control-plane-f7dd6,17:55:48 12/22/22 UTC
1.049,0,18.1701,340.0381,13.5,13.5602,15.0153,0,0,23.3935,0,0,egde-sample-small-01-control-plane-f7dd6,17:55:56 12/22/22 UTC
1.049,0,18.1701,340.0381,13.5,13.5602,15.0153,0,0,23.3935,0,0,egde-sample-small-01-control-plane-f7dd6,17:56:04 12/22/22 UTC
1.049,0,18.1701,340.0381,13.5,13.5602,15.0153,0,0,23.3935,0,0,egde-sample-small-01-control-plane-f7dd6,17:56:12 12/22/22 UTC
0.5248,0,18.1701,216.9905,13.5,13.5602,7.8383,0,0,12.6459,0,0,egde-sample-small-01-control-plane-f7dd6,17:56:20 12/22/22 UTC
1.0481,0,18.1734,349.2571,11.75,13.6318,16.1892,0,0,25.8442,0,0,egde-sample-small-01-control-plane-f7dd6,17:56:28 12/22/22 UTC
1.0481,0,18.1734,349.2571,11.75,13.6318,16.1892,0,0,25.8442,0,0,egde-sample-small-01-control-plane-f7dd6,17:56:36 12/22/22 UTC
1.0481,0,18.1734,349.2571,11.75,13.6318,16.1892,0,0,25.8442,0,0,egde-sample-small-01-control-plane-f7dd6,17:56:44 12/22/22 UTC
1.0481,0,18.1734,349.2571,11.75,13.6318,16.1892,0,0,25.8442,0,0,egde-sample-small-01-control-plane-f7dd6,17:56:52 12/22/22 UTC
1.0481,0,18.1734,349.2571,11.75,13.6318,16.1892,0,0,25.8442,0,0,egde-sample-small-01-control-plane-f7dd6,17:57:00 12/22/22 UTC
1.0481,0,18.1734,349.2571,11.75,13.6318,16.1892,0,0,25.8442,0,0,egde-sample-small-01-control-plane-f7dd6,17:57:08 12/22/22 UTC
0.5233,0,18.1734,132.2667,11.75,13.6318,8.3509,0,0,13.1983,0,0,egde-sample-small-01-control-plane-f7dd6,17:57:16 12/22/22 UTC
0.5233,0,18.1734,132.2667,11.75,13.6318,8.3509,0,0,13.1983,0,0,egde-sample-small-01-control-plane-f7dd6,17:57:24 12/22/22 UTC
1.0471,0,18.1766,347.0095,12.5,13.7999,15.9358,0,0,24.46,0,0,egde-sample-small-01-control-plane-f7dd6,17:57:32 12/22/22 UTC
1.0471,0,18.1766,347.0095,12.5,13.7999,15.9358,0,0,24.46,0,0,egde-sample-small-01-control-plane-f7dd6,17:57:40 12/22/22 UTC
1.0471,0,18.1766,347.0095,12.5,13.7999,15.9358,0,0,24.46,0,0,egde-sample-small-01-control-plane-f7dd6,17:57:48 12/22/22 UTC
1.0471,0,18.1766,347.0095,12.5,13.7999,15.9358,0,0,24.46,0,0,egde-sample-small-01-control-plane-f7dd6,17:57:56 12/22/22 UTC
1.0471,0,18.1766,347.0095,12.5,13.7999,15.9358,0,0,24.46,0,0,egde-sample-small-01-control-plane-f7dd6,17:58:04 12/22/22 UTC
0.5238,0,18.1766,214.7429,12.5,13.7999,7.5848,0,0,11.2617,0,0,egde-sample-small-01-control-plane-f7dd6,17:58:12 12/22/22 UTC
0.5238,0,18.1766,214.7429,12.5,13.7999,7.5848,0,0,11.2617,0,0,egde-sample-small-01-control-plane-f7dd6,17:58:20 12/22/22 UTC
1.0469,0,18.2174,403.5048,13.25,14.5793,14.9944,0,0,22.7391,0,0,egde-sample-small-01-control-plane-f7dd6,17:58:28 12/22/22 UTC
1.0469,0,18.2174,403.5048,13.25,14.5793,14.9944,0,0,22.7391,0,0,egde-sample-small-01-control-plane-f7dd6,17:58:36 12/22/22 UTC
1.0469,0,18.2174,403.5048,13.25,14.5793,14.9944,0,0,22.7391,0,0,egde-sample-small-01-control-plane-f7dd6,17:58:44 12/22/22 UTC
1.0469,0,18.2174,403.5048,13.25,14.5793,14.9944,0,0,22.7391,0,0,egde-sample-small-01-control-plane-f7dd6,17:58:52 12/22/22 UTC
1.0469,0,18.2174,403.5048,13.25,14.5793,14.9944,0,0,22.7391,0,0,egde-sample-small-01-control-plane-f7dd6,17:59:00 12/22/22 UTC
1.0469,0,18.2174,403.5048,13.25,14.5793,14.9944,0,0,22.7391,0,0,egde-sample-small-01-control-plane-f7dd6,17:59:08 12/22/22 UTC
0.5231,0,18.2174,188.7619,13.25,14.5793,7.4096,0,0,11.4774,0,0,egde-sample-small-01-control-plane-f7dd6,17:59:16 12/22/22 UTC
0.5231,0,18.2174,188.7619,13.25,14.5793,7.4096,0,0,11.4774,0,0,egde-sample-small-01-control-plane-f7dd6,17:59:24 12/22/22 UTC
1.0455,0,18.2207,328.1905,14.5,14.6433,15.5264,0,0,24.6284,0,0,egde-sample-small-01-control-plane-f7dd6,17:59:32 12/22/22 UTC
1.0455,0,18.2207,328.1905,14.5,14.6433,15.5264,0,0,24.6284,0,0,egde-sample-small-01-control-plane-f7dd6,17:59:40 12/22/22 UTC
1.0455,0,18.2207,328.1905,14.5,14.6433,15.5264,0,0,24.6284,0,0,egde-sample-small-01-control-plane-f7dd6,17:59:49 12/22/22 UTC
1.0455,0,18.2207,328.1905,14.5,14.6433,15.5264,0,0,24.6284,0,0,egde-sample-small-01-control-plane-f7dd6,17:59:56 12/22/22 UTC
1.0455,0,18.2207,328.1905,14.5,14.6433,15.5264,0,0,24.6284,0,0,egde-sample-small-01-control-plane-f7dd6,18:00:05 12/22/22 UTC
0.5225,0,18.2207,139.4286,14.5,14.6433,8.1168,0,0,13.151,0,0,egde-sample-small-01-control-plane-f7dd6,18:00:13 12/22/22 UTC
0.5225,0,18.2207,139.4286,14.5,14.6433,8.1168,0,0,13.151,0,0,egde-sample-small-01-control-plane-f7dd6,18:00:21 12/22/22 UTC
1.0442,0,18.2615,360.8,13.25,13.6158,16.4007,0,0,27.06,0,0,egde-sample-small-01-control-plane-f7dd6,18:00:29 12/22/22 UTC
1.0442,0,18.2615,360.8,13.25,13.6158,16.4007,0,0,27.06,0,0,egde-sample-small-01-control-plane-f7dd6,18:00:38 12/22/22 UTC
1.0442,0,18.2615,360.8,13.25,13.6158,16.4007,0,0,27.06,0,0,egde-sample-small-01-control-plane-f7dd6,18:00:47 12/22/22 UTC
1.0442,0,18.2615,360.8,13.25,13.6158,16.4007,0,0,27.06,0,0,egde-sample-small-01-control-plane-f7dd6,18:00:55 12/22/22 UTC
1.0442,0,18.2615,360.8,13.25,13.6158,16.4007,0,0,27.06,0,0,egde-sample-small-01-control-plane-f7dd6,18:01:03 12/22/22 UTC
1.0442,0,18.2615,360.8,13.25,13.6158,16.4007,0,0,27.06,0,0,egde-sample-small-01-control-plane-f7dd6,18:01:11 12/22/22 UTC
0.5218,0,18.2615,221.3714,13.25,13.6158,8.2839,0,0,13.9091,0,0,egde-sample-small-01-control-plane-f7dd6,18:01:20 12/22/22 UTC
1.0445,0,18.2648,436.4571,14.25,13.6726,16.6641,0,0,27.1645,0,0,egde-sample-small-01-control-plane-f7dd6,18:01:28 12/22/22 UTC
1.0445,0,18.2648,436.4571,14.25,13.6726,16.6641,0,0,27.1645,0,0,egde-sample-small-01-control-plane-f7dd6,18:01:36 12/22/22 UTC
1.0445,0,18.2648,436.4571,14.25,13.6726,16.6641,0,0,27.1645,0,0,egde-sample-small-01-control-plane-f7dd6,18:01:44 12/22/22 UTC
1.0445,0,18.2648,436.4571,14.25,13.6726,16.6641,0,0,27.1645,0,0,egde-sample-small-01-control-plane-f7dd6,18:01:53 12/22/22 UTC
1.0445,0,18.2648,436.4571,14.25,13.6726,16.6641,0,0,27.1645,0,0,egde-sample-small-01-control-plane-f7dd6,18:02:01 12/22/22 UTC
1.0445,0,18.2648,436.4571,14.25,13.6726,16.6641,0,0,27.1645,0,0,egde-sample-small-01-control-plane-f7dd6,18:02:09 12/22/22 UTC
0.5228,0,18.2648,215.0857,14.25,13.6726,8.3802,0,0,13.2554,0,0,egde-sample-small-01-control-plane-f7dd6,18:02:17 12/22/22 UTC
0.5228,0,18.2648,215.0857,14.25,13.6726,8.3802,0,0,13.2554,0,0,egde-sample-small-01-control-plane-f7dd6,18:02:26 12/22/22 UTC
1.0467,0,18.2681,355.0476,13.5,13.8809,16.0987,0,0,24.6397,0,0,egde-sample-small-01-control-plane-f7dd6,18:02:34 12/22/22 UTC
1.0467,0,18.2681,355.0476,13.5,13.8809,16.0987,0,0,24.6397,0,0,egde-sample-small-01-control-plane-f7dd6,18:02:42 12/22/22 UTC
1.0467,0,18.2681,355.0476,13.5,13.8809,16.0987,0,0,24.6397,0,0,egde-sample-small-01-control-plane-f7dd6,18:02:51 12/22/22 UTC
1.0467,0,18.2681,355.0476,13.5,13.8809,16.0987,0,0,24.6397,0,0,egde-sample-small-01-control-plane-f7dd6,18:02:59 12/22/22 UTC
1.0467,0,18.2681,355.0476,13.5,13.8809,16.0987,0,0,24.6397,0,0,egde-sample-small-01-control-plane-f7dd6,18:03:07 12/22/22 UTC
0.524,0,18.2681,139.9619,13.5,13.8809,7.7184,0,0,11.3843,0,0,egde-sample-small-01-control-plane-f7dd6,18:03:15 12/22/22 UTC
0.524,0,18.2681,139.9619,13.5,13.8809,7.7184,0,0,11.3843,0,0,egde-sample-small-01-control-plane-f7dd6,18:03:23 12/22/22 UTC
1.0484,0,18.2714,368.8762,13.5,14.7096,15.0542,0,0,22.649,0,0,egde-sample-small-01-control-plane-f7dd6,18:03:32 12/22/22 UTC
1.0484,0,18.2714,368.8762,13.5,14.7096,15.0542,0,0,22.649,0,0,egde-sample-small-01-control-plane-f7dd6,18:03:40 12/22/22 UTC
1.0484,0,18.2714,368.8762,13.5,14.7096,15.0542,0,0,22.649,0,0,egde-sample-small-01-control-plane-f7dd6,18:03:48 12/22/22 UTC
1.0484,0,18.2714,368.8762,13.5,14.7096,15.0542,0,0,22.649,0,0,egde-sample-small-01-control-plane-f7dd6,18:03:56 12/22/22 UTC
1.0484,0,18.2714,368.8762,13.5,14.7096,15.0542,0,0,22.649,0,0,egde-sample-small-01-control-plane-f7dd6,18:04:04 12/22/22 UTC
0.6119,0,18.2714,228.9143,13.5,14.7096,7.3357,0,0,11.2647,0,0,egde-sample-small-01-control-plane-f7dd6,18:04:12 12/22/22 UTC
0.5245,0,18.2714,228.9143,13.5,14.7096,7.3357,0,0,11.2647,0,0,egde-sample-small-01-control-plane-f7dd6,18:04:20 12/22/22 UTC
1.0476,0,18.3122,355.5048,12.5,14.4537,14.6416,0,0,22.106,0,0,egde-sample-small-01-control-plane-f7dd6,18:04:28 12/22/22 UTC
1.0476,0,18.3122,355.5048,12.5,14.4537,14.6416,0,0,22.106,0,0,egde-sample-small-01-control-plane-f7dd6,18:04:36 12/22/22 UTC
1.0476,0,18.3122,355.5048,12.5,14.4537,14.6416,0,0,22.106,0,0,egde-sample-small-01-control-plane-f7dd6,18:04:44 12/22/22 UTC
1.0476,0,18.3122,355.5048,12.5,14.4537,14.6416,0,0,22.106,0,0,egde-sample-small-01-control-plane-f7dd6,18:04:52 12/22/22 UTC
1.0476,0,18.3122,355.5048,12.5,14.4537,14.6416,0,0,22.106,0,0,egde-sample-small-01-control-plane-f7dd6,18:05:00 12/22/22 UTC
1.0476,0,18.3122,355.5048,12.5,14.4537,14.6416,0,0,22.106,0,0,egde-sample-small-01-control-plane-f7dd6,18:05:08 12/22/22 UTC
0.5231,0,18.3122,126.5905,12.5,14.4537,7.3059,0,0,10.8413,0,0,egde-sample-small-01-control-plane-f7dd6,18:05:17 12/22/22 UTC
0.5231,0,18.3122,126.5905,12.5,14.4537,7.3059,0,0,10.8413,0,0,egde-sample-small-01-control-plane-f7dd6,18:05:26 12/22/22 UTC
1.0475,0,18.3155,370.2095,12.75,13.4017,14.9389,0,0,23.3227,0,0,egde-sample-small-01-control-plane-f7dd6,18:05:34 12/22/22 UTC
1.0475,0,18.3155,370.2095,12.75,13.4017,14.9389,0,0,23.3227,0,0,egde-sample-small-01-control-plane-f7dd6,18:05:42 12/22/22 UTC
1.0475,0,18.3155,370.2095,12.75,13.4017,14.9389,0,0,23.3227,0,0,egde-sample-small-01-control-plane-f7dd6,18:05:50 12/22/22 UTC
1.0475,0,18.3155,370.2095,12.75,13.4017,14.9389,0,0,23.3227,0,0,egde-sample-small-01-control-plane-f7dd6,18:05:58 12/22/22 UTC
1.0475,0,18.3155,370.2095,12.75,13.4017,14.9389,0,0,23.3227,0,0,egde-sample-small-01-control-plane-f7dd6,18:06:07 12/22/22 UTC
0.5244,0,18.3155,243.619,12.75,13.4017,7.633,0,0,12.4814,0,0,egde-sample-small-01-control-plane-f7dd6,18:06:15 12/22/22 UTC
0.5244,0,18.3155,243.619,12.75,13.4017,7.633,0,0,12.4814,0,0,egde-sample-small-01-control-plane-f7dd6,18:06:23 12/22/22 UTC
1.0461,0,18.3187,470.7048,12.75,13.4065,16.0951,0,0,25.7534,0,0,egde-sample-small-01-control-plane-f7dd6,18:06:31 12/22/22 UTC
1.0461,0,18.3187,470.7048,12.75,13.4065,16.0951,0,0,25.7534,0,0,egde-sample-small-01-control-plane-f7dd6,18:06:39 12/22/22 UTC
1.0461,0,18.3187,470.7048,12.75,13.4065,16.0951,0,0,25.7534,0,0,egde-sample-small-01-control-plane-f7dd6,18:06:47 12/22/22 UTC
1.0461,0,18.3187,470.7048,12.75,13.4065,16.0951,0,0,25.7534,0,0,egde-sample-small-01-control-plane-f7dd6,18:06:55 12/22/22 UTC
1.0461,0,18.3187,470.7048,12.75,13.4065,16.0951,0,0,25.7534,0,0,egde-sample-small-01-control-plane-f7dd6,18:07:04 12/22/22 UTC
1.0461,0,18.3187,470.7048,12.75,13.4065,16.0951,0,0,25.7534,0,0,egde-sample-small-01-control-plane-f7dd6,18:07:12 12/22/22 UTC
0.5218,0,18.3187,227.0857,12.75,13.4065,8.4621,0,0,13.2721,0,0,egde-sample-small-01-control-plane-f7dd6,18:07:20 12/22/22 UTC
1.0463,0,18.322,370.019,12,13.664,16.0509,0,0,24.5731,0,0,egde-sample-small-01-control-plane-f7dd6,18:07:28 12/22/22 UTC
1.0463,0,18.322,370.019,12,13.664,16.0509,0,0,24.5731,0,0,egde-sample-small-01-control-plane-f7dd6,18:07:36 12/22/22 UTC
1.0463,0,18.322,370.019,12,13.664,16.0509,0,0,24.5731,0,0,egde-sample-small-01-control-plane-f7dd6,18:07:44 12/22/22 UTC
1.0463,0,18.322,370.019,12,13.664,16.0509,0,0,24.5731,0,0,egde-sample-small-01-control-plane-f7dd6,18:07:52 12/22/22 UTC
1.0463,0,18.322,370.019,12,13.664,16.0509,0,0,24.5731,0,0,egde-sample-small-01-control-plane-f7dd6,18:08:00 12/22/22 UTC
1.0463,0,18.322,370.019,12,13.664,16.0509,0,0,24.5731,0,0,egde-sample-small-01-control-plane-f7dd6,18:08:08 12/22/22 UTC
0.5245,0,18.322,142.9333,12,13.664,7.5888,0,0,11.3011,0,0,egde-sample-small-01-control-plane-f7dd6,18:08:16 12/22/22 UTC
0.5245,0,18.322,142.9333,12,13.664,7.5888,0,0,11.3011,0,0,egde-sample-small-01-control-plane-f7dd6,18:08:24 12/22/22 UTC
1.0481,0,18.3252,362.8571,11,14.4954,14.889,0,0,22.6023,0,0,egde-sample-small-01-control-plane-f7dd6,18:08:32 12/22/22 UTC
1.0481,0,18.3252,362.8571,11,14.4954,14.889,0,0,22.6023,0,0,egde-sample-small-01-control-plane-f7dd6,18:08:40 12/22/22 UTC
1.0481,0,18.3252,362.8571,11,14.4954,14.889,0,0,22.6023,0,0,egde-sample-small-01-control-plane-f7dd6,18:08:48 12/22/22 UTC
1.0481,0,18.3252,362.8571,11,14.4954,14.889,0,0,22.6023,0,0,egde-sample-small-01-control-plane-f7dd6,18:08:56 12/22/22 UTC
1.0481,0,18.3252,362.8571,11,14.4954,14.889,0,0,22.6023,0,0,egde-sample-small-01-control-plane-f7dd6,18:09:04 12/22/22 UTC
0.5236,0,18.3252,219.9238,11,14.4954,7.3002,0,0,11.3012,0,0,egde-sample-small-01-control-plane-f7dd6,18:09:12 12/22/22 UTC
0.5236,0,18.3252,219.9238,11,14.4954,7.3002,0,0,11.3012,0,0,egde-sample-small-01-control-plane-f7dd6,18:09:20 12/22/22 UTC
1.0466,0,18.3285,453.7143,10.25,14.4945,15.5469,0,0,24.6932,0,0,egde-sample-small-01-control-plane-f7dd6,18:09:28 12/22/22 UTC
1.0466,0,18.3285,453.7143,10.25,14.4945,15.5469,0,0,24.6932,0,0,egde-sample-small-01-control-plane-f7dd6,18:09:36 12/22/22 UTC
1.0466,0,18.3285,453.7143,10.25,14.4945,15.5469,0,0,24.6932,0,0,egde-sample-small-01-control-plane-f7dd6,18:09:44 12/22/22 UTC
1.0466,0,18.3285,453.7143,10.25,14.4945,15.5469,0,0,24.6932,0,0,egde-sample-small-01-control-plane-f7dd6,18:09:52 12/22/22 UTC
1.0466,0,18.3285,453.7143,10.25,14.4945,15.5469,0,0,24.6932,0,0,egde-sample-small-01-control-plane-f7dd6,18:10:00 12/22/22 UTC
1.0466,0,18.3285,453.7143,10.25,14.4945,15.5469,0,0,24.6932,0,0,egde-sample-small-01-control-plane-f7dd6,18:10:08 12/22/22 UTC
0.523,0,18.3285,233.7905,10.25,14.4945,8.2467,0,0,13.392,0,0,egde-sample-small-01-control-plane-f7dd6,18:10:17 12/22/22 UTC
0.523,0,18.3285,233.7905,10.25,14.4945,8.2467,0,0,13.392,0,0,egde-sample-small-01-control-plane-f7dd6,18:10:24 12/22/22 UTC
1.046,0.9524,18.3693,384.3429,9.75,13.4639,16.5118,0,0,27.2196,0,0,egde-sample-small-01-control-plane-f7dd6,18:10:32 12/22/22 UTC
1.046,0.9524,18.3693,384.3429,9.75,13.4639,16.5118,0,0,27.2196,0,0,egde-sample-small-01-control-plane-f7dd6,18:10:40 12/22/22 UTC
1.046,0.9524,18.3693,384.3429,9.75,13.4639,16.5118,0,0,27.2196,0,0,egde-sample-small-01-control-plane-f7dd6,18:10:49 12/22/22 UTC
1.046,1.1111,18.3693,448.4,9.75,13.4639,19.2637,0,0,31.7563,0,0,egde-sample-small-01-control-plane-f7dd6,18:10:57 12/22/22 UTC
1.046,0.9524,18.3693,384.3429,9.75,13.4639,16.5118,0,0,27.2196,0,0,egde-sample-small-01-control-plane-f7dd6,18:11:05 12/22/22 UTC
0.523,0.9524,18.3693,150.5524,9.75,13.4639,8.265,0,0,13.8276,0,0,egde-sample-small-01-control-plane-f7dd6,18:11:13 12/22/22 UTC
0.523,0.9524,18.3693,150.5524,9.75,13.4639,8.265,0,0,13.8276,0,0,egde-sample-small-01-control-plane-f7dd6,18:11:21 12/22/22 UTC
1.0453,0.9524,18.3726,409.3333,12.25,13.4851,16.4578,0,0,26.6,0,0,egde-sample-small-01-control-plane-f7dd6,18:11:29 12/22/22 UTC
1.0453,0.9524,18.3726,409.3333,12.25,13.4851,16.4578,0,0,26.6,0,0,egde-sample-small-01-control-plane-f7dd6,18:11:37 12/22/22 UTC
1.0453,0.9524,18.3726,409.3333,12.25,13.4851,16.4578,0,0,26.6,0,0,egde-sample-small-01-control-plane-f7dd6,18:11:45 12/22/22 UTC
1.0453,0.9524,18.3726,409.3333,12.25,13.4851,16.4578,0,0,26.6,0,0,egde-sample-small-01-control-plane-f7dd6,18:11:53 12/22/22 UTC
1.0453,0.9524,18.3726,409.3333,12.25,13.4851,16.4578,0,0,26.6,0,0,egde-sample-small-01-control-plane-f7dd6,18:12:01 12/22/22 UTC
1.0453,0.9524,18.3726,409.3333,12.25,13.4851,16.4578,0,0,26.6,0,0,egde-sample-small-01-control-plane-f7dd6,18:12:09 12/22/22 UTC
0.5223,0,18.3726,258.781,12.25,13.4851,8.1927,0,0,12.7724,0,0,egde-sample-small-01-control-plane-f7dd6,18:12:17 12/22/22 UTC
0.5223,0,18.3726,258.781,12.25,13.4851,8.1927,0,0,12.7724,0,0,egde-sample-small-01-control-plane-f7dd6,18:12:26 12/22/22 UTC
1.0467,0,18.4134,396.5714,11.75,13.666,15.8977,0,0,24.4212,0,0,egde-sample-small-01-control-plane-f7dd6,18:12:34 12/22/22 UTC
1.0467,0,18.4134,396.5714,11.75,13.666,18.5474,0,0,28.4914,0,0,egde-sample-small-01-control-plane-f7dd6,18:12:42 12/22/22 UTC
1.0467,0,18.4134,396.5714,11.75,13.666,15.8977,0,0,24.4212,0,0,egde-sample-small-01-control-plane-f7dd6,18:12:50 12/22/22 UTC
1.0467,0,18.4134,396.5714,11.75,13.666,15.8977,0,0,24.4212,0,0,egde-sample-small-01-control-plane-f7dd6,18:12:58 12/22/22 UTC
1.0467,0,18.4134,396.5714,11.75,13.666,15.8977,0,0,24.4212,0,0,egde-sample-small-01-control-plane-f7dd6,18:13:06 12/22/22 UTC
0.5244,0,18.4134,137.7905,11.75,13.666,7.705,0,0,11.6488,0,0,egde-sample-small-01-control-plane-f7dd6,18:13:14 12/22/22 UTC
0.5244,0,18.4134,137.7905,11.75,13.666,7.705,0,0,11.6488,0,0,egde-sample-small-01-control-plane-f7dd6,18:13:22 12/22/22 UTC
1.0483,0,18.4167,388.0381,10.25,14.5427,15.1647,0,0,23.1142,0,0,egde-sample-small-01-control-plane-f7dd6,18:13:30 12/22/22 UTC
1.0483,0,18.4167,388.0381,10.25,14.5427,15.1647,0,0,23.1142,0,0,egde-sample-small-01-control-plane-f7dd6,18:13:37 12/22/22 UTC
1.0483,0,18.4167,388.0381,10.25,14.5427,15.1647,0,0,23.1142,0,0,egde-sample-small-01-control-plane-f7dd6,18:13:46 12/22/22 UTC
1.0483,0,18.4167,388.0381,10.25,14.5427,15.1647,0,0,23.1142,0,0,egde-sample-small-01-control-plane-f7dd6,18:13:54 12/22/22 UTC
1.0483,0,18.4167,388.0381,10.25,14.5427,15.1647,0,0,23.1142,0,0,egde-sample-small-01-control-plane-f7dd6,18:14:02 12/22/22 UTC
1.0483,0,18.4167,388.0381,10.25,14.5427,15.1647,0,0,23.1142,0,0,egde-sample-small-01-control-plane-f7dd6,18:14:10 12/22/22 UTC
0.5239,0,18.4167,250.2476,10.25,14.5427,7.4597,0,0,11.4654,0,0,egde-sample-small-01-control-plane-f7dd6,18:14:18 12/22/22 UTC
0.5239,0,18.4167,250.2476,10.25,14.5427,7.4597,0,0,11.4654,0,0,egde-sample-small-01-control-plane-f7dd6,18:14:26 12/22/22 UTC
1.0485,0,18.4199,483.8095,9.5,14.5392,14.8187,0,0,22.6189,0,0,egde-sample-small-01-control-plane-f7dd6,18:14:34 12/22/22 UTC
1.2232,0,18.4199,483.8095,9.5,14.5392,14.8187,0,0,22.6189,0,0,egde-sample-small-01-control-plane-f7dd6,18:14:42 12/22/22 UTC
1.0485,0,18.4199,483.8095,9.5,14.5392,14.8187,0,0,22.6189,0,0,egde-sample-small-01-control-plane-f7dd6,18:14:50 12/22/22 UTC
1.0485,0,18.4199,483.8095,9.5,14.5392,14.8187,0,0,22.6189,0,0,egde-sample-small-01-control-plane-f7dd6,18:14:58 12/22/22 UTC
1.0485,0,18.4199,483.8095,9.5,14.5392,14.8187,0,0,22.6189,0,0,egde-sample-small-01-control-plane-f7dd6,18:15:06 12/22/22 UTC
0.5245,0,18.4199,233.5619,9.5,14.5392,7.359,0,0,11.1535,0,0,egde-sample-small-01-control-plane-f7dd6,18:15:14 12/22/22 UTC
0.5245,0,18.4199,233.5619,9.5,14.5392,7.359,0,0,11.1535,0,0,egde-sample-small-01-control-plane-f7dd6,18:15:22 12/22/22 UTC
1.049,0,18.4232,388.9905,8.25,13.3819,15.1023,0,0,23.7542,0,0,egde-sample-small-01-control-plane-f7dd6,18:15:31 12/22/22 UTC
1.049,0,18.4232,388.9905,8.25,13.3819,15.1023,0,0,23.7542,0,0,egde-sample-small-01-control-plane-f7dd6,18:15:39 12/22/22 UTC
1.049,0,18.4232,388.9905,8.25,13.3819,15.1023,0,0,23.7542,0,0,egde-sample-small-01-control-plane-f7dd6,18:15:47 12/22/22 UTC
1.049,0,18.4232,388.9905,8.25,13.3819,15.1023,0,0,23.7542,0,0,egde-sample-small-01-control-plane-f7dd6,18:15:55 12/22/22 UTC
1.049,0,18.4232,388.9905,8.25,13.3819,15.1023,0,0,23.7542,0,0,egde-sample-small-01-control-plane-f7dd6,18:16:04 12/22/22 UTC
0.6119,0,18.4232,155.4286,8.25,13.3819,7.7433,0,0,12.6008,0,0,egde-sample-small-01-control-plane-f7dd6,18:16:12 12/22/22 UTC
0.5245,0,18.4232,155.4286,8.25,13.3819,7.7433,0,0,12.6008,0,0,egde-sample-small-01-control-plane-f7dd6,18:16:20 12/22/22 UTC
1.0485,0.6095,18.4264,412.1143,7.75,13.4532,15.6884,0,0,24.831,0,0,egde-sample-small-01-control-plane-f7dd6,18:16:28 12/22/22 UTC
1.0485,0.6095,18.4264,412.1143,7.75,13.4532,15.6884,0,0,24.831,0,0,egde-sample-small-01-control-plane-f7dd6,18:16:36 12/22/22 UTC
1.0485,0.6095,18.4264,412.1143,7.75,13.4532,15.6884,0,0,24.831,0,0,egde-sample-small-01-control-plane-f7dd6,18:16:44 12/22/22 UTC
1.0485,0.6095,18.4264,412.1143,7.75,13.4532,15.6884,0,0,24.831,0,0,egde-sample-small-01-control-plane-f7dd6,18:16:52 12/22/22 UTC
1.0485,0.6095,18.4264,412.1143,7.75,13.4532,15.6884,0,0,24.831,0,0,egde-sample-small-01-control-plane-f7dd6,18:17:00 12/22/22 UTC
1.0485,0.6095,18.4264,412.1143,7.75,13.4532,15.6884,0,0,24.831,0,0,egde-sample-small-01-control-plane-f7dd6,18:17:08 12/22/22 UTC
0.524,0.6095,18.4264,256.6857,7.75,13.4532,7.9452,0,0,12.2302,0,0,egde-sample-small-01-control-plane-f7dd6,18:17:16 12/22/22 UTC
0.524,0.6095,18.4264,256.6857,7.75,13.4532,7.9452,0,0,12.2302,0,0,egde-sample-small-01-control-plane-f7dd6,18:17:24 12/22/22 UTC
1.0469,0.6095,18.4673,398.6286,6.75,13.7042,16.0602,0,0,24.4447,0,0,egde-sample-small-01-control-plane-f7dd6,18:17:32 12/22/22 UTC
1.0469,0.6095,18.4673,398.6286,6.75,13.7042,16.0602,0,0,24.4447,0,0,egde-sample-small-01-control-plane-f7dd6,18:17:40 12/22/22 UTC
1.0469,0.6095,18.4673,398.6286,6.75,13.7042,16.0602,0,0,24.4447,0,0,egde-sample-small-01-control-plane-f7dd6,18:17:48 12/22/22 UTC
1.0469,0.6095,18.4673,398.6286,6.75,13.7042,16.0602,0,0,24.4447,0,0,egde-sample-small-01-control-plane-f7dd6,18:17:56 12/22/22 UTC
1.0469,0.6095,18.4673,398.6286,6.75,13.7042,16.0602,0,0,24.4447,0,0,egde-sample-small-01-control-plane-f7dd6,18:18:04 12/22/22 UTC
0.5229,0,18.4673,141.9429,6.75,13.7042,8.1151,0,0,12.2145,0,0,egde-sample-small-01-control-plane-f7dd6,18:18:12 12/22/22 UTC
0.5229,0,18.4673,141.9429,6.75,13.7042,8.1151,0,0,12.2145,0,0,egde-sample-small-01-control-plane-f7dd6,18:18:20 12/22/22 UTC
1.0461,0,18.5832,391.0095,5.5,14.5386,15.9136,0,0,24.5996,0,0,egde-sample-small-01-control-plane-f7dd6,18:18:28 12/22/22 UTC
1.0461,0,18.5832,391.0095,5.5,14.5386,15.9136,0,0,24.5996,0,0,egde-sample-small-01-control-plane-f7dd6,18:18:36 12/22/22 UTC
1.0461,0,18.5832,391.0095,5.5,14.5386,15.9136,0,0,24.5996,0,0,egde-sample-small-01-control-plane-f7dd6,18:18:44 12/22/22 UTC
1.0461,0,18.5832,391.0095,5.5,14.5386,15.9136,0,0,24.5996,0,0,egde-sample-small-01-control-plane-f7dd6,18:18:52 12/22/22 UTC
1.0461,0,18.5832,391.0095,5.5,14.5386,15.9136,0,0,24.5996,0,0,egde-sample-small-01-control-plane-f7dd6,18:19:00 12/22/22 UTC
1.0461,0,18.5832,391.0095,5.5,14.5386,15.9136,0,0,24.5996,0,0,egde-sample-small-01-control-plane-f7dd6,18:19:08 12/22/22 UTC
0.5232,0,18.5832,249.0667,5.5,14.5386,7.7985,0,0,12.3851,0,0,egde-sample-small-01-control-plane-f7dd6,18:19:16 12/22/22 UTC
0.5232,0,18.5832,249.0667,5.5,14.5386,7.7985,0,0,12.3851,0,0,egde-sample-small-01-control-plane-f7dd6,18:19:25 12/22/22 UTC
1.0456,0,18.5489,487.0095,6,14.519,15.6373,0,0,24.7552,0,0,egde-sample-small-01-control-plane-f7dd6,18:19:33 12/22/22 UTC
1.0456,0,18.5489,487.0095,6,14.519,15.6373,0,0,24.7552,0,0,egde-sample-small-01-control-plane-f7dd6,18:19:41 12/22/22 UTC
1.0456,0,18.5489,487.0095,6,14.519,15.6373,0,0,24.7552,0,0,egde-sample-small-01-control-plane-f7dd6,18:19:49 12/22/22 UTC
1.0456,0,18.5489,568.1778,6,14.519,18.2436,0,0,28.881,0,0,egde-sample-small-01-control-plane-f7dd6,18:19:57 12/22/22 UTC
1.0456,0,18.5489,487.0095,6,14.519,15.6373,0,0,24.7552,0,0,egde-sample-small-01-control-plane-f7dd6,18:20:05 12/22/22 UTC
0.5224,0,18.5489,237.9429,6,14.519,7.8388,0,0,12.3701,0,0,egde-sample-small-01-control-plane-f7dd6,18:20:13 12/22/22 UTC
0.5224,0,18.5489,237.9429,6,14.519,7.8388,0,0,12.3701,0,0,egde-sample-small-01-control-plane-f7dd6,18:20:21 12/22/22 UTC
1.0458,0,18.5522,401.9048,7.5,13.5211,15.9927,0,0,26.0604,0,0,egde-sample-small-01-control-plane-f7dd6,18:20:30 12/22/22 UTC
1.0458,0,18.5522,401.9048,7.5,13.5211,15.9927,0,0,26.0604,0,0,egde-sample-small-01-control-plane-f7dd6,18:20:38 12/22/22 UTC
1.0458,0,18.5522,401.9048,7.5,13.5211,15.9927,0,0,26.0604,0,0,egde-sample-small-01-control-plane-f7dd6,18:20:46 12/22/22 UTC
1.0458,0,18.5522,401.9048,7.5,13.5211,15.9927,0,0,26.0604,0,0,egde-sample-small-01-control-plane-f7dd6,18:20:55 12/22/22 UTC
1.0458,0,18.5522,401.9048,7.5,13.5211,15.9927,0,0,26.0604,0,0,egde-sample-small-01-control-plane-f7dd6,18:21:03 12/22/22 UTC
1.0458,0,18.5522,401.9048,7.5,13.5211,15.9927,0,0,26.0604,0,0,egde-sample-small-01-control-plane-f7dd6,18:21:11 12/22/22 UTC
0.5235,0,18.5522,163.9619,7.5,13.5211,8.1539,0,0,13.6903,0,0,egde-sample-small-01-control-plane-f7dd6,18:21:19 12/22/22 UTC
1.0479,0,18.5554,423.1619,7.25,13.5159,15.5279,0,0,25.0967,0,0,egde-sample-small-01-control-plane-f7dd6,18:21:28 12/22/22 UTC
1.0479,0,18.5554,423.1619,7.25,13.5159,15.5279,0,0,25.0967,0,0,egde-sample-small-01-control-plane-f7dd6,18:21:36 12/22/22 UTC
1.0479,0,18.5554,423.1619,7.25,13.5159,15.5279,0,0,25.0967,0,0,egde-sample-small-01-control-plane-f7dd6,18:21:44 12/22/22 UTC
1.0479,0,18.5554,423.1619,7.25,13.5159,15.5279,0,0,25.0967,0,0,egde-sample-small-01-control-plane-f7dd6,18:21:52 12/22/22 UTC
1.0479,0,18.5554,423.1619,7.25,13.5159,15.5279,0,0,25.0967,0,0,egde-sample-small-01-control-plane-f7dd6,18:22:01 12/22/22 UTC
1.0479,0,18.5554,423.1619,7.25,13.5159,15.5279,0,0,25.0967,0,0,egde-sample-small-01-control-plane-f7dd6,18:22:09 12/22/22 UTC
0.5245,0,18.5554,259.2,7.25,13.5159,7.3739,0,0,11.4064,0,0,egde-sample-small-01-control-plane-f7dd6,18:22:17 12/22/22 UTC
0.5245,0,18.5554,259.2,7.25,13.5159,7.3739,0,0,11.4064,0,0,egde-sample-small-01-control-plane-f7dd6,18:22:26 12/22/22 UTC
1.0472,0,18.5587,418.8571,10,13.7228,15.8635,0,0,24.4831,0,0,egde-sample-small-01-control-plane-f7dd6,18:22:34 12/22/22 UTC
1.0472,0,18.5587,418.8571,10,13.7228,15.8635,0,0,24.4831,0,0,egde-sample-small-01-control-plane-f7dd6,18:22:42 12/22/22 UTC
1.0472,0,18.5587,418.8571,10,13.7228,15.8635,0,0,24.4831,0,0,egde-sample-small-01-control-plane-f7dd6,18:22:50 12/22/22 UTC
1.0472,0,18.5587,418.8571,10,13.7228,15.8635,0,0,24.4831,0,0,egde-sample-small-01-control-plane-f7dd6,18:22:58 12/22/22 UTC
1.0472,0,18.5587,418.8571,10,13.7228,15.8635,0,0,24.4831,0,0,egde-sample-small-01-control-plane-f7dd6,18:23:06 12/22/22 UTC
0.5227,0,18.5587,159.6571,10,13.7228,8.4896,0,0,13.0768,0,0,egde-sample-small-01-control-plane-f7dd6,18:23:14 12/22/22 UTC
0.5227,0,18.5587,159.6571,10,13.7228,8.4896,0,0,13.0768,0,0,egde-sample-small-01-control-plane-f7dd6,18:23:23 12/22/22 UTC
1.0465,0,18.5995,414.9333,11,14.5146,15.999,0,0,24.492,0,0,egde-sample-small-01-control-plane-f7dd6,18:23:30 12/22/22 UTC
1.0465,0,18.5995,414.9333,11,14.5146,15.999,0,0,24.492,0,0,egde-sample-small-01-control-plane-f7dd6,18:23:38 12/22/22 UTC
1.0465,0,18.5995,414.9333,11,14.5146,15.999,0,0,24.492,0,0,egde-sample-small-01-control-plane-f7dd6,18:23:47 12/22/22 UTC
1.0465,0,18.5995,414.9333,11,14.5146,15.999,0,0,24.492,0,0,egde-sample-small-01-control-plane-f7dd6,18:23:55 12/22/22 UTC
1.0465,0,18.5995,414.9333,11,14.5146,15.999,0,0,24.492,0,0,egde-sample-small-01-control-plane-f7dd6,18:24:03 12/22/22 UTC
1.0465,0,18.5995,414.9333,11,14.5146,15.999,0,0,24.492,0,0,egde-sample-small-01-control-plane-f7dd6,18:24:11 12/22/22 UTC
0.5238,0,18.5995,255.2762,11,14.5146,7.5095,0,0,11.4152,0,0,egde-sample-small-01-control-plane-f7dd6,18:24:19 12/22/22 UTC
1.0488,0,18.6027,410.781,10.25,14.5157,14.7212,0,0,22.1315,0,0,egde-sample-small-01-control-plane-f7dd6,18:24:27 12/22/22 UTC
1.0488,0,18.6027,410.781,10.25,14.5157,14.7212,0,0,22.1315,0,0,egde-sample-small-01-control-plane-f7dd6,18:24:35 12/22/22 UTC
1.0488,0,18.6027,410.781,10.25,14.5157,14.7212,0,0,22.1315,0,0,egde-sample-small-01-control-plane-f7dd6,18:24:43 12/22/22 UTC
1.0488,0,18.6027,410.781,10.25,14.5157,14.7212,0,0,22.1315,0,0,egde-sample-small-01-control-plane-f7dd6,18:24:51 12/22/22 UTC
1.0488,0,18.6027,410.781,10.25,14.5157,14.7212,0,0,22.1315,0,0,egde-sample-small-01-control-plane-f7dd6,18:24:59 12/22/22 UTC
1.0488,0,18.6027,410.781,10.25,14.5157,14.7212,0,0,22.1315,0,0,egde-sample-small-01-control-plane-f7dd6,18:25:07 12/22/22 UTC
0.5251,0,18.6027,155.5048,10.25,14.5157,7.2117,0,0,10.7162,0,0,egde-sample-small-01-control-plane-f7dd6,18:25:15 12/22/22 UTC
0.5251,0,18.6027,155.5048,10.25,14.5157,7.2117,0,0,10.7162,0,0,egde-sample-small-01-control-plane-f7dd6,18:25:25 12/22/22 UTC
1.0493,0,18.606,434.781,9,13.4259,14.7214,0,0,22.2516,0,0,egde-sample-small-01-control-plane-f7dd6,18:25:34 12/22/22 UTC
1.0493,0,18.606,434.781,9,13.4259,14.7214,0,0,22.2516,0,0,egde-sample-small-01-control-plane-f7dd6,18:25:43 12/22/22 UTC
1.0493,0,18.606,434.781,9,13.4259,14.7214,0,0,22.2516,0,0,egde-sample-small-01-control-plane-f7dd6,18:25:51 12/22/22 UTC
1.0493,0,18.606,434.781,9,13.4259,14.7214,0,0,22.2516,0,0,egde-sample-small-01-control-plane-f7dd6,18:26:01 12/22/22 UTC
1.0493,0,18.606,434.781,9,13.4259,14.7214,0,0,22.2516,0,0,egde-sample-small-01-control-plane-f7dd6,18:26:09 12/22/22 UTC
0.5242,0,18.606,279.2762,9,13.4259,7.5096,0,0,11.5354,0,0,egde-sample-small-01-control-plane-f7dd6,18:26:18 12/22/22 UTC
0.5242,0,18.606,279.2762,9,13.4259,7.5096,0,0,11.5354,0,0,egde-sample-small-01-control-plane-f7dd6,18:26:26 12/22/22 UTC
1.0485,0,18.6093,425.9048,7.75,13.4639,14.2623,0,0,25.1191,0,0,egde-sample-small-01-control-plane-f7dd6,18:26:34 12/22/22 UTC
1.0485,0,18.6093,425.9048,7.75,13.4639,14.2623,0,0,25.1191,0,0,egde-sample-small-01-control-plane-f7dd6,18:26:43 12/22/22 UTC
1.0485,0,18.6093,425.9048,7.75,13.4639,14.2623,0,0,25.1191,0,0,egde-sample-small-01-control-plane-f7dd6,18:26:51 12/22/22 UTC
1.0485,0,18.6093,425.9048,7.75,13.4639,14.2623,0,0,25.1191,0,0,egde-sample-small-01-control-plane-f7dd6,18:26:59 12/22/22 UTC
1.0485,0,18.6093,425.9048,7.75,13.4639,14.2623,0,0,25.1191,0,0,egde-sample-small-01-control-plane-f7dd6,18:27:07 12/22/22 UTC
0.5243,0,18.6093,146.6286,7.75,13.4639,6.7526,0,0,13.5837,0,0,egde-sample-small-01-control-plane-f7dd6,18:27:15 12/22/22 UTC
0.5243,0,18.6093,146.6286,7.75,13.4639,6.7526,0,0,13.5837,0,0,egde-sample-small-01-control-plane-f7dd6,18:27:24 12/22/22 UTC
1.0439,1.219,18.6127,395.9619,7.75,13.7112,18.4026,0,0,32.7328,0,0,egde-sample-small-01-control-plane-f7dd6,18:27:32 12/22/22 UTC
1.0439,1.219,18.6127,395.9619,7.75,13.7112,18.4026,0,0,32.7328,0,0,egde-sample-small-01-control-plane-f7dd6,18:27:40 12/22/22 UTC
1.0439,1.219,18.6127,395.9619,7.75,13.7112,18.4026,0,0,32.7328,0,0,egde-sample-small-01-control-plane-f7dd6,18:27:49 12/22/22 UTC
1.0439,1.4222,18.6127,461.9556,7.75,13.7112,21.4697,0,0,38.1882,0,0,egde-sample-small-01-control-plane-f7dd6,18:27:57 12/22/22 UTC
1.0439,1.219,18.6127,395.9619,7.75,13.7112,18.4026,0,0,32.7328,0,0,egde-sample-small-01-control-plane-f7dd6,18:28:05 12/22/22 UTC
0.5196,1.219,18.6127,249.3333,7.75,13.7112,11.65,0,0,19.1491,0,0,egde-sample-small-01-control-plane-f7dd6,18:28:13 12/22/22 UTC
0.5196,1.219,18.6127,249.3333,7.75,13.7112,11.65,0,0,19.1491,0,0,egde-sample-small-01-control-plane-f7dd6,18:28:22 12/22/22 UTC
1.04,1.219,18.6535,489.1429,8.25,14.4962,22.4622,0,0,36.348,0,0,egde-sample-small-01-control-plane-f7dd6,18:28:30 12/22/22 UTC
1.04,1.219,18.6535,489.1429,8.25,14.4962,22.4622,0,0,36.348,0,0,egde-sample-small-01-control-plane-f7dd6,18:28:38 12/22/22 UTC
1.04,1.219,18.6535,489.1429,8.25,14.4962,22.4622,0,0,36.348,0,0,egde-sample-small-01-control-plane-f7dd6,18:28:46 12/22/22 UTC
1.04,1.219,18.6535,489.1429,8.25,14.4962,22.4622,0,0,36.348,0,0,egde-sample-small-01-control-plane-f7dd6,18:28:54 12/22/22 UTC
1.04,1.219,18.6535,489.1429,8.25,14.4962,22.4622,0,0,36.348,0,0,egde-sample-small-01-control-plane-f7dd6,18:29:02 12/22/22 UTC
1.04,1.219,18.6535,489.1429,8.25,14.4962,22.4622,0,0,36.348,0,0,egde-sample-small-01-control-plane-f7dd6,18:29:10 12/22/22 UTC
0.5204,0,18.6535,239.8095,8.25,14.4962,10.8121,0,0,17.199,0,0,egde-sample-small-01-control-plane-f7dd6,18:29:18 12/22/22 UTC
0.5204,0,18.6535,239.8095,8.25,14.4962,10.8121,0,0,17.199,0,0,egde-sample-small-01-control-plane-f7dd6,18:29:26 12/22/22 UTC
1.0351,0,18.6567,477.8667,8.25,14.5326,20.2954,0,0,31.9911,0,0,egde-sample-small-01-control-plane-f7dd6,18:29:34 12/22/22 UTC
1.0351,0,18.6567,477.8667,8.25,14.5326,20.2954,0,0,31.9911,0,0,egde-sample-small-01-control-plane-f7dd6,18:29:42 12/22/22 UTC
1.0351,0,18.6567,477.8667,8.25,14.5326,20.2954,0,0,31.9911,0,0,egde-sample-small-01-control-plane-f7dd6,18:29:50 12/22/22 UTC
1.0351,0,18.6567,477.8667,8.25,14.5326,20.2954,0,0,31.9911,0,0,egde-sample-small-01-control-plane-f7dd6,18:29:58 12/22/22 UTC
1.0351,0,18.6567,477.8667,8.25,14.5326,20.2954,0,0,31.9911,0,0,egde-sample-small-01-control-plane-f7dd6,18:30:06 12/22/22 UTC
0.5147,0,18.6567,238.0571,8.25,14.5326,9.4833,0,0,14.7922,0,0,egde-sample-small-01-control-plane-f7dd6,18:30:15 12/22/22 UTC
0.5147,0,18.6567,238.0571,8.25,14.5326,9.4833,0,0,14.7922,0,0,egde-sample-small-01-control-plane-f7dd6,18:30:23 12/22/22 UTC
1.0362,0,18.66,395.7333,7.25,13.4692,19.7964,0,0,30.7476,0,0,egde-sample-small-01-control-plane-f7dd6,18:30:31 12/22/22 UTC
1.0362,0,18.66,395.7333,7.25,13.4692,19.7964,0,0,30.7476,0,0,egde-sample-small-01-control-plane-f7dd6,18:30:40 12/22/22 UTC
1.0362,0,18.66,395.7333,7.25,13.4692,19.7964,0,0,30.7476,0,0,egde-sample-small-01-control-plane-f7dd6,18:30:48 12/22/22 UTC
1.0362,0,18.66,395.7333,7.25,13.4692,19.7964,0,0,30.7476,0,0,egde-sample-small-01-control-plane-f7dd6,18:30:56 12/22/22 UTC
1.0362,0,18.66,395.7333,7.25,13.4692,19.7964,0,0,30.7476,0,0,egde-sample-small-01-control-plane-f7dd6,18:31:04 12/22/22 UTC
1.0362,0,18.66,183.9556,7.25,13.4692,12.032,0,0,18.6146,0,0,egde-sample-small-01-control-plane-f7dd6,18:31:12 12/22/22 UTC
0.5215,0,18.66,157.6762,7.25,13.4692,10.3131,0,0,15.9554,0,0,egde-sample-small-01-control-plane-f7dd6,18:31:20 12/22/22 UTC
1.0438,0,18.6257,422.3619,9.25,13.5424,19.3691,0,0,32.3068,0,0,egde-sample-small-01-control-plane-f7dd6,18:31:28 12/22/22 UTC
1.0438,0,18.6257,422.3619,9.25,13.5424,19.3691,0,0,32.3068,0,0,egde-sample-small-01-control-plane-f7dd6,18:31:36 12/22/22 UTC
1.0438,0,18.6257,422.3619,9.25,13.5424,19.3691,0,0,32.3068,0,0,egde-sample-small-01-control-plane-f7dd6,18:31:44 12/22/22 UTC
1.0438,0,18.6257,422.3619,9.25,13.5424,19.3691,0,0,32.3068,0,0,egde-sample-small-01-control-plane-f7dd6,18:31:52 12/22/22 UTC
1.0438,0,18.6257,422.3619,9.25,13.5424,19.3691,0,0,32.3068,0,0,egde-sample-small-01-control-plane-f7dd6,18:32:00 12/22/22 UTC
1.0438,0,18.6257,422.3619,9.25,13.5424,19.3691,0,0,32.3068,0,0,egde-sample-small-01-control-plane-f7dd6,18:32:08 12/22/22 UTC
0.5223,0,18.6257,264.6857,9.25,13.5424,9.056,0,0,16.3514,0,0,egde-sample-small-01-control-plane-f7dd6,18:32:16 12/22/22 UTC
0.5223,0,18.6257,264.6857,9.25,13.5424,9.056,0,0,16.3514,0,0,egde-sample-small-01-control-plane-f7dd6,18:32:24 12/22/22 UTC
1.0407,0,18.6666,454.5524,11.75,13.7322,22.7602,0,0,35.9931,0,0,egde-sample-small-01-control-plane-f7dd6,18:32:32 12/22/22 UTC
1.0407,0,18.6666,454.5524,11.75,13.7322,22.7602,0,0,35.9931,0,0,egde-sample-small-01-control-plane-f7dd6,18:32:40 12/22/22 UTC
1.0407,0,18.6666,454.5524,11.75,13.7322,22.7602,0,0,35.9931,0,0,egde-sample-small-01-control-plane-f7dd6,18:32:48 12/22/22 UTC
1.0407,0,18.6666,454.5524,11.75,13.7322,22.7602,0,0,35.9931,0,0,egde-sample-small-01-control-plane-f7dd6,18:32:56 12/22/22 UTC
1.0407,0,18.6666,454.5524,11.75,13.7322,22.7602,0,0,35.9931,0,0,egde-sample-small-01-control-plane-f7dd6,18:33:04 12/22/22 UTC
0.5185,0,18.6666,189.8667,11.75,13.7322,13.7042,0,0,19.6418,0,0,egde-sample-small-01-control-plane-f7dd6,18:33:12 12/22/22 UTC
0.5185,0,18.6666,189.8667,11.75,13.7322,13.7042,0,0,19.6418,0,0,egde-sample-small-01-control-plane-f7dd6,18:33:20 12/22/22 UTC
1.0401,0,18.7074,401.5238,10.5,14.5502,23.45,0,0,34.254,0,0,egde-sample-small-01-control-plane-f7dd6,18:33:28 12/22/22 UTC
1.0401,0,18.7074,401.5238,10.5,14.5502,23.45,0,0,34.254,0,0,egde-sample-small-01-control-plane-f7dd6,18:33:36 12/22/22 UTC
1.0401,0,18.7074,401.5238,10.5,14.5502,23.45,0,0,34.254,0,0,egde-sample-small-01-control-plane-f7dd6,18:33:44 12/22/22 UTC
1.0401,0,18.7074,401.5238,10.5,14.5502,23.45,0,0,34.254,0,0,egde-sample-small-01-control-plane-f7dd6,18:33:52 12/22/22 UTC
1.0401,0,18.7074,401.5238,10.5,14.5502,23.45,0,0,34.254,0,0,egde-sample-small-01-control-plane-f7dd6,18:34:00 12/22/22 UTC
1.0401,0,18.7074,401.5238,10.5,14.5502,23.45,0,0,34.254,0,0,egde-sample-small-01-control-plane-f7dd6,18:34:08 12/22/22 UTC
0.5216,0,18.7074,211.6571,10.5,14.5502,9.7457,0,0,14.6123,0,0,egde-sample-small-01-control-plane-f7dd6,18:34:16 12/22/22 UTC
0.5216,0,18.7074,211.6571,10.5,14.5502,9.7457,0,0,14.6123,0,0,egde-sample-small-01-control-plane-f7dd6,18:34:25 12/22/22 UTC
1.0441,0,18.7107,332.1905,11.5,14.5564,19.4334,0,0,30.9465,0,0,egde-sample-small-01-control-plane-f7dd6,18:34:33 12/22/22 UTC
1.0441,0,18.7107,332.1905,11.5,14.5564,19.4334,0,0,30.9465,0,0,egde-sample-small-01-control-plane-f7dd6,18:34:41 12/22/22 UTC
1.0441,0,18.7107,332.1905,11.5,14.5564,19.4334,0,0,30.9465,0,0,egde-sample-small-01-control-plane-f7dd6,18:34:49 12/22/22 UTC
1.0441,0,18.7107,332.1905,11.5,14.5564,19.4334,0,0,30.9465,0,0,egde-sample-small-01-control-plane-f7dd6,18:34:58 12/22/22 UTC
1.0441,0,18.7107,332.1905,11.5,14.5564,19.4334,0,0,30.9465,0,0,egde-sample-small-01-control-plane-f7dd6,18:35:07 12/22/22 UTC
0.5225,0,18.7107,120.5333,11.5,14.5564,9.6876,0,0,16.3342,0,0,egde-sample-small-01-control-plane-f7dd6,18:35:16 12/22/22 UTC
0.5225,0,18.7107,120.5333,11.5,14.5564,9.6876,0,0,16.3342,0,0,egde-sample-small-01-control-plane-f7dd6,18:35:24 12/22/22 UTC
1.042,0.6476,18.7139,312.1905,12.75,13.514,21.5194,0,0,34.0426,0,0,egde-sample-small-01-control-plane-f7dd6,18:35:33 12/22/22 UTC
1.042,0.6476,18.7139,312.1905,12.75,13.514,21.5194,0,0,34.0426,0,0,egde-sample-small-01-control-plane-f7dd6,18:35:41 12/22/22 UTC
1.042,0.6476,18.7139,312.1905,12.75,13.514,21.5194,0,0,34.0426,0,0,egde-sample-small-01-control-plane-f7dd6,18:35:49 12/22/22 UTC
1.042,0.6476,18.7139,312.1905,12.75,13.514,21.5194,0,0,34.0426,0,0,egde-sample-small-01-control-plane-f7dd6,18:35:57 12/22/22 UTC
1.042,0.6476,18.7139,312.1905,12.75,13.514,21.5194,0,0,34.0426,0,0,egde-sample-small-01-control-plane-f7dd6,18:36:05 12/22/22 UTC
0.5195,0.6476,18.7139,191.6571,12.75,13.514,11.8318,0,0,17.7084,0,0,egde-sample-small-01-control-plane-f7dd6,18:36:14 12/22/22 UTC
0.5195,0.6476,18.7139,191.6571,12.75,13.514,11.8318,0,0,17.7084,0,0,egde-sample-small-01-control-plane-f7dd6,18:36:22 12/22/22 UTC
1.0429,0.6476,18.7548,377.4476,11.5,13.5693,20.9957,0,0,35.1647,0,0,egde-sample-small-01-control-plane-f7dd6,18:36:30 12/22/22 UTC
1.0429,0.6476,18.7548,377.4476,11.5,13.5693,20.9957,0,0,35.1647,0,0,egde-sample-small-01-control-plane-f7dd6,18:36:38 12/22/22 UTC
1.0429,0.6476,18.7548,377.4476,11.5,13.5693,20.9957,0,0,35.1647,0,0,egde-sample-small-01-control-plane-f7dd6,18:36:47 12/22/22 UTC
1.0429,0.6476,18.7548,377.4476,11.5,13.5693,20.9957,0,0,35.1647,0,0,egde-sample-small-01-control-plane-f7dd6,18:36:55 12/22/22 UTC
1.0429,0.6476,18.7548,377.4476,11.5,13.5693,20.9957,0,0,35.1647,0,0,egde-sample-small-01-control-plane-f7dd6,18:37:03 12/22/22 UTC
1.0429,0.6476,18.7548,377.4476,11.5,13.5693,20.9957,0,0,35.1647,0,0,egde-sample-small-01-control-plane-f7dd6,18:37:12 12/22/22 UTC
0.5233,0,18.7548,185.7905,11.5,13.5693,9.1638,0,0,17.4563,0,0,egde-sample-small-01-control-plane-f7dd6,18:37:20 12/22/22 UTC
1.0434,1.1429,18.758,322.9333,12,13.8227,19.4783,0,0,37.0463,0,0,egde-sample-small-01-control-plane-f7dd6,18:37:28 12/22/22 UTC
1.0434,1.1429,18.758,322.9333,12,13.8227,19.4783,0,0,37.0463,0,0,egde-sample-small-01-control-plane-f7dd6,18:37:37 12/22/22 UTC
1.0434,1.1429,18.758,322.9333,12,13.8227,19.4783,0,0,37.0463,0,0,egde-sample-small-01-control-plane-f7dd6,18:37:45 12/22/22 UTC
1.0434,1.1429,18.758,322.9333,12,13.8227,19.4783,0,0,37.0463,0,0,egde-sample-small-01-control-plane-f7dd6,18:37:53 12/22/22 UTC
1.0434,1.1429,18.758,322.9333,12,13.8227,19.4783,0,0,37.0463,0,0,egde-sample-small-01-control-plane-f7dd6,18:38:02 12/22/22 UTC
1.0434,1.1429,18.758,322.9333,12,13.8227,19.4783,0,0,37.0463,0,0,egde-sample-small-01-control-plane-f7dd6,18:38:10 12/22/22 UTC
0.5201,1.1429,18.758,137.1429,12,13.8227,10.3145,0,0,19.59,0,0,egde-sample-small-01-control-plane-f7dd6,18:38:18 12/22/22 UTC
0.5201,1.1429,18.758,137.1429,12,13.8227,10.3145,0,0,19.59,0,0,egde-sample-small-01-control-plane-f7dd6,18:38:26 12/22/22 UTC
1.0412,1.9429,18.7613,329.2571,10.5,14.5487,21.0992,0,0,36.5321,0,0,egde-sample-small-01-control-plane-f7dd6,18:38:34 12/22/22 UTC
1.0412,1.9429,18.7613,329.2571,10.5,14.5487,21.0992,0,0,36.5321,0,0,egde-sample-small-01-control-plane-f7dd6,18:38:42 12/22/22 UTC
1.0412,1.9429,18.7613,329.2571,10.5,14.5487,21.0992,0,0,36.5321,0,0,egde-sample-small-01-control-plane-f7dd6,18:38:50 12/22/22 UTC
1.0412,1.9429,18.7613,329.2571,10.5,14.5487,21.0992,0,0,36.5321,0,0,egde-sample-small-01-control-plane-f7dd6,18:38:58 12/22/22 UTC
1.0412,1.9429,18.7613,329.2571,10.5,14.5487,21.0992,0,0,36.5321,0,0,egde-sample-small-01-control-plane-f7dd6,18:39:06 12/22/22 UTC
0.5212,0.8,18.7613,192.1143,10.5,14.5487,10.7847,0,0,16.9421,0,0,egde-sample-small-01-control-plane-f7dd6,18:39:14 12/22/22 UTC
0.5212,0.8,18.7613,192.1143,10.5,14.5487,10.7847,0,0,16.9421,0,0,egde-sample-small-01-control-plane-f7dd6,18:39:22 12/22/22 UTC
1.0441,0.8,18.8021,402.2095,11,14.5421,20.524,0,0,31.9781,0,0,egde-sample-small-01-control-plane-f7dd6,18:39:30 12/22/22 UTC
1.0441,0.8,18.8021,402.2095,11,14.5421,20.524,0,0,31.9781,0,0,egde-sample-small-01-control-plane-f7dd6,18:39:39 12/22/22 UTC
1.0441,0.8,18.8021,402.2095,11,14.5421,20.524,0,0,31.9781,0,0,egde-sample-small-01-control-plane-f7dd6,18:39:47 12/22/22 UTC
1.0441,0.8,18.8021,402.2095,11,14.5421,20.524,0,0,31.9781,0,0,egde-sample-small-01-control-plane-f7dd6,18:39:55 12/22/22 UTC
1.0441,0.8,18.8021,402.2095,11,14.5421,20.524,0,0,31.9781,0,0,egde-sample-small-01-control-plane-f7dd6,18:40:03 12/22/22 UTC
1.0441,0.8,18.8021,402.2095,11,14.5421,20.524,0,0,31.9781,0,0,egde-sample-small-01-control-plane-f7dd6,18:40:11 12/22/22 UTC
0.523,0,18.8021,210.0952,11,14.5421,9.7393,0,0,15.036,0,0,egde-sample-small-01-control-plane-f7dd6,18:40:20 12/22/22 UTC
1.0444,0,18.8054,337.4857,11,13.516,20.2202,0,0,31.0505,0,0,egde-sample-small-01-control-plane-f7dd6,18:40:28 12/22/22 UTC
1.0444,0,18.8054,337.4857,11,13.516,20.2202,0,0,31.0505,0,0,egde-sample-small-01-control-plane-f7dd6,18:40:37 12/22/22 UTC
1.0444,0,18.8054,337.4857,11,13.516,20.2202,0,0,31.0505,0,0,egde-sample-small-01-control-plane-f7dd6,18:40:45 12/22/22 UTC
1.0444,0,18.8054,337.4857,11,13.516,20.2202,0,0,31.0505,0,0,egde-sample-small-01-control-plane-f7dd6,18:40:53 12/22/22 UTC
1.0444,0,18.8054,337.4857,11,13.516,20.2202,0,0,31.0505,0,0,egde-sample-small-01-control-plane-f7dd6,18:41:01 12/22/22 UTC
1.0444,0,18.8054,337.4857,11,13.516,20.2202,0,0,31.0505,0,0,egde-sample-small-01-control-plane-f7dd6,18:41:09 12/22/22 UTC
0.5215,0,18.8054,127.3905,11,13.516,10.4809,0,0,16.0145,0,0,egde-sample-small-01-control-plane-f7dd6,18:41:18 12/22/22 UTC
0.5215,0,18.8054,127.3905,11,13.516,10.4809,0,0,16.0145,0,0,egde-sample-small-01-control-plane-f7dd6,18:41:26 12/22/22 UTC
1.0437,0,18.8086,348.2286,11.75,13.5385,20.9597,0,0,34.242,0,0,egde-sample-small-01-control-plane-f7dd6,18:41:34 12/22/22 UTC
1.0437,0,18.8086,348.2286,11.75,13.5385,20.9597,0,0,34.242,0,0,egde-sample-small-01-control-plane-f7dd6,18:41:42 12/22/22 UTC
1.0437,0,18.8086,348.2286,11.75,13.5385,20.9597,0,0,34.242,0,0,egde-sample-small-01-control-plane-f7dd6,18:41:50 12/22/22 UTC
1.0437,0,18.8086,348.2286,11.75,13.5385,20.9597,0,0,34.242,0,0,egde-sample-small-01-control-plane-f7dd6,18:41:58 12/22/22 UTC
1.0437,0,18.8086,348.2286,11.75,13.5385,20.9597,0,0,34.242,0,0,egde-sample-small-01-control-plane-f7dd6,18:42:07 12/22/22 UTC
0.5223,0,18.8086,220.8381,11.75,13.5385,10.4789,0,0,18.2275,0,0,egde-sample-small-01-control-plane-f7dd6,18:42:15 12/22/22 UTC
0.5223,0,18.8086,220.8381,11.75,13.5385,10.4789,0,0,18.2275,0,0,egde-sample-small-01-control-plane-f7dd6,18:42:23 12/22/22 UTC
1.0425,0,18.8119,366.9714,10,13.7657,21.1935,0,0,35.7633,0,0,egde-sample-small-01-control-plane-f7dd6,18:42:31 12/22/22 UTC
1.0425,0,18.8119,366.9714,10,13.7657,21.1935,0,0,35.7633,0,0,egde-sample-small-01-control-plane-f7dd6,18:42:40 12/22/22 UTC
1.0425,0,18.8119,366.9714,10,13.7657,21.1935,0,0,35.7633,0,0,egde-sample-small-01-control-plane-f7dd6,18:42:48 12/22/22 UTC
1.0425,0,18.8119,366.9714,10,13.7657,21.1935,0,0,35.7633,0,0,egde-sample-small-01-control-plane-f7dd6,18:42:56 12/22/22 UTC
1.0425,0,18.8119,366.9714,10,13.7657,21.1935,0,0,35.7633,0,0,egde-sample-small-01-control-plane-f7dd6,18:43:04 12/22/22 UTC
0.5202,0,18.8119,146.1333,10,13.7657,10.7146,0,0,17.5358,0,0,egde-sample-small-01-control-plane-f7dd6,18:43:13 12/22/22 UTC
0.5202,0,18.8119,146.1333,10,13.7657,10.7146,0,0,17.5358,0,0,egde-sample-small-01-control-plane-f7dd6,18:43:21 12/22/22 UTC
1.0407,0,18.8528,374.0571,12.75,14.5184,21.4248,0,0,34.3793,0,0,egde-sample-small-01-control-plane-f7dd6,18:43:29 12/22/22 UTC
1.0407,0,18.8528,374.0571,12.75,14.5184,21.4248,0,0,34.3793,0,0,egde-sample-small-01-control-plane-f7dd6,18:43:37 12/22/22 UTC
1.0407,0,18.8528,374.0571,12.75,14.5184,21.4248,0,0,34.3793,0,0,egde-sample-small-01-control-plane-f7dd6,18:43:45 12/22/22 UTC
1.0407,0,18.8528,374.0571,12.75,14.5184,21.4248,0,0,34.3793,0,0,egde-sample-small-01-control-plane-f7dd6,18:43:53 12/22/22 UTC
1.0407,0,18.8528,374.0571,12.75,14.5184,21.4248,0,0,34.3793,0,0,egde-sample-small-01-control-plane-f7dd6,18:44:02 12/22/22 UTC
1.0407,0,18.8528,374.0571,12.75,14.5184,21.4248,0,0,34.3793,0,0,egde-sample-small-01-control-plane-f7dd6,18:44:10 12/22/22 UTC
0.5205,0,18.8528,227.9238,12.75,14.5184,10.7102,0,0,16.8435,0,0,egde-sample-small-01-control-plane-f7dd6,18:44:19 12/22/22 UTC
0.5205,0,18.8528,227.9238,12.75,14.5184,10.7102,0,0,16.8435,0,0,egde-sample-small-01-control-plane-f7dd6,18:44:27 12/22/22 UTC
1.0429,0,18.856,425.9048,10.75,14.5305,19.8897,0,0,32.5278,0,0,egde-sample-small-01-control-plane-f7dd6,18:44:35 12/22/22 UTC
1.0429,0,18.856,425.9048,10.75,14.5305,19.8897,0,0,32.5278,0,0,egde-sample-small-01-control-plane-f7dd6,18:44:43 12/22/22 UTC
1.0429,0,18.856,425.9048,10.75,14.5305,19.8897,0,0,32.5278,0,0,egde-sample-small-01-control-plane-f7dd6,18:44:51 12/22/22 UTC
1.0429,0,18.856,425.9048,10.75,14.5305,19.8897,0,0,32.5278,0,0,egde-sample-small-01-control-plane-f7dd6,18:44:58 12/22/22 UTC
1.0429,0,18.856,425.9048,10.75,14.5305,19.8897,0,0,32.5278,0,0,egde-sample-small-01-control-plane-f7dd6,18:45:06 12/22/22 UTC
0.5224,0,18.856,197.981,10.75,14.5305,9.1794,0,0,15.6842,0,0,egde-sample-small-01-control-plane-f7dd6,18:45:15 12/22/22 UTC
0.5224,0,18.856,197.981,10.75,14.5305,9.1794,0,0,15.6842,0,0,egde-sample-small-01-control-plane-f7dd6,18:45:24 12/22/22 UTC
1.0415,0,18.8593,350.5143,10,13.6188,19.3561,0,0,33.1879,0,0,egde-sample-small-01-control-plane-f7dd6,18:45:32 12/22/22 UTC
1.0415,0,18.8593,350.5143,10,13.6188,19.3561,0,0,33.1879,0,0,egde-sample-small-01-control-plane-f7dd6,18:45:40 12/22/22 UTC
1.0415,0,18.8593,350.5143,10,13.6188,19.3561,0,0,33.1879,0,0,egde-sample-small-01-control-plane-f7dd6,18:45:48 12/22/22 UTC
1.0415,0,18.8593,350.5143,10,13.6188,19.3561,0,0,33.1879,0,0,egde-sample-small-01-control-plane-f7dd6,18:45:57 12/22/22 UTC
1.0415,0,18.8593,350.5143,10,13.6188,19.3561,0,0,33.1879,0,0,egde-sample-small-01-control-plane-f7dd6,18:46:05 12/22/22 UTC
0.519,0,18.8593,152.5333,10,13.6188,10.1767,0,0,17.5037,0,0,egde-sample-small-01-control-plane-f7dd6,18:46:14 12/22/22 UTC
0.519,0,18.8593,152.5333,10,13.6188,10.1767,0,0,17.5037,0,0,egde-sample-small-01-control-plane-f7dd6,18:46:22 12/22/22 UTC
1.0389,0,18.8626,389.1048,9.25,13.6241,20.6163,0,0,36.6775,0,0,egde-sample-small-01-control-plane-f7dd6,18:46:30 12/22/22 UTC
1.0389,0,18.8626,389.1048,9.25,13.6241,20.6163,0,0,36.6775,0,0,egde-sample-small-01-control-plane-f7dd6,18:46:39 12/22/22 UTC
1.0389,0,18.8626,389.1048,9.25,13.6241,20.6163,0,0,36.6775,0,0,egde-sample-small-01-control-plane-f7dd6,18:46:47 12/22/22 UTC
1.0389,0,18.8626,389.1048,9.25,13.6241,20.6163,0,0,36.6775,0,0,egde-sample-small-01-control-plane-f7dd6,18:46:56 12/22/22 UTC
1.0389,0,18.8626,389.1048,9.25,13.6241,20.6163,0,0,36.6775,0,0,egde-sample-small-01-control-plane-f7dd6,18:47:04 12/22/22 UTC
0.5198,0,18.8626,236.5714,9.25,13.6241,10.4397,0,0,19.1738,0,0,egde-sample-small-01-control-plane-f7dd6,18:47:13 12/22/22 UTC
0.5198,0,18.8626,236.5714,9.25,13.6241,10.4397,0,0,19.1738,0,0,egde-sample-small-01-control-plane-f7dd6,18:47:22 12/22/22 UTC
1.0294,0.6857,18.9058,415.5048,9.25,14.9553,26.7065,0,0,52.966,0,0,egde-sample-small-01-control-plane-f7dd6,18:47:30 12/22/22 UTC
1.0294,0.6857,18.9058,415.5048,9.25,14.9553,26.7065,0,0,52.966,0,0,egde-sample-small-01-control-plane-f7dd6,18:47:38 12/22/22 UTC
1.0294,0.6857,18.9058,415.5048,9.25,14.9553,26.7065,0,0,52.966,0,0,egde-sample-small-01-control-plane-f7dd6,18:47:47 12/22/22 UTC
1.0294,0.6857,18.9058,415.5048,9.25,14.9553,26.7065,0,0,52.966,0,0,egde-sample-small-01-control-plane-f7dd6,18:47:55 12/22/22 UTC
1.0294,0.6857,18.9058,415.5048,9.25,14.9553,26.7065,0,0,52.966,0,0,egde-sample-small-01-control-plane-f7dd6,18:48:04 12/22/22 UTC
0.5095,0.6857,18.9058,178.9333,9.25,14.9553,16.2668,0,0,33.7922,0,0,egde-sample-small-01-control-plane-f7dd6,18:48:12 12/22/22 UTC
0.5095,0.6857,18.9058,178.9333,9.25,14.9553,16.2668,0,0,33.7922,0,0,egde-sample-small-01-control-plane-f7dd6,18:48:20 12/22/22 UTC
1.0267,0.6857,18.9091,415.4286,8.75,15.024,28.1483,0,0,56.876,0,0,egde-sample-small-01-control-plane-f7dd6,18:48:28 12/22/22 UTC
1.0267,0.6857,18.9091,415.4286,8.75,15.024,28.1483,0,0,56.876,0,0,egde-sample-small-01-control-plane-f7dd6,18:48:36 12/22/22 UTC
1.0267,0.6857,18.9091,415.4286,8.75,15.024,28.1483,0,0,56.876,0,0,egde-sample-small-01-control-plane-f7dd6,18:48:44 12/22/22 UTC
1.0267,0.6857,18.9091,415.4286,8.75,15.024,28.1483,0,0,56.876,0,0,egde-sample-small-01-control-plane-f7dd6,18:48:52 12/22/22 UTC
1.0267,0.6857,18.9091,415.4286,8.75,15.024,28.1483,0,0,56.876,0,0,egde-sample-small-01-control-plane-f7dd6,18:49:00 12/22/22 UTC
1.0267,0.6857,18.9091,415.4286,8.75,15.024,28.1483,0,0,56.876,0,0,egde-sample-small-01-control-plane-f7dd6,18:49:08 12/22/22 UTC
0.5172,0,18.9091,236.4952,8.75,15.024,11.8815,0,0,23.0838,0,0,egde-sample-small-01-control-plane-f7dd6,18:49:16 12/22/22 UTC
0.5172,0,18.9091,236.4952,8.75,15.024,11.8815,0,0,23.0838,0,0,egde-sample-small-01-control-plane-f7dd6,18:49:24 12/22/22 UTC
1.0381,1.219,18.9124,470.0952,7,14.0416,22.7275,0,0,41.4499,0,0,egde-sample-small-01-control-plane-f7dd6,18:49:32 12/22/22 UTC
1.0381,1.219,18.9124,470.0952,7,14.0416,22.7275,0,0,41.4499,0,0,egde-sample-small-01-control-plane-f7dd6,18:49:40 12/22/22 UTC
1.0381,1.219,18.9124,470.0952,7,14.0416,22.7275,0,0,41.4499,0,0,egde-sample-small-01-control-plane-f7dd6,18:49:48 12/22/22 UTC
1.0381,1.219,18.9124,470.0952,7,14.0416,22.7275,0,0,41.4499,0,0,egde-sample-small-01-control-plane-f7dd6,18:49:57 12/22/22 UTC
1.0381,1.219,18.9124,470.0952,7,14.0416,22.7275,0,0,41.4499,0,0,egde-sample-small-01-control-plane-f7dd6,18:50:05 12/22/22 UTC
0.521,1.219,18.9124,233.6,7,14.0416,10.846,0,0,18.3661,0,0,egde-sample-small-01-control-plane-f7dd6,18:50:13 12/22/22 UTC
0.521,1.219,18.9124,233.6,7,14.0416,10.846,0,0,18.3661,0,0,egde-sample-small-01-control-plane-f7dd6,18:50:21 12/22/22 UTC
1.0415,1.219,18.9156,394.5905,9.5,14.0501,21.5065,0,0,35.5393,0,0,egde-sample-small-01-control-plane-f7dd6,18:50:30 12/22/22 UTC
1.0415,1.219,18.9156,394.5905,9.5,14.0501,21.5065,0,0,35.5393,0,0,egde-sample-small-01-control-plane-f7dd6,18:50:38 12/22/22 UTC
1.0415,1.219,18.9156,394.5905,9.5,14.0501,21.5065,0,0,35.5393,0,0,egde-sample-small-01-control-plane-f7dd6,18:50:46 12/22/22 UTC
1.0415,1.219,18.9156,394.5905,9.5,14.0501,21.5065,0,0,35.5393,0,0,egde-sample-small-01-control-plane-f7dd6,18:50:54 12/22/22 UTC
1.0415,1.219,18.9156,394.5905,9.5,14.0501,21.5065,0,0,35.5393,0,0,egde-sample-small-01-control-plane-f7dd6,18:51:02 12/22/22 UTC
1.0415,1.219,18.9156,394.5905,9.5,14.0501,21.5065,0,0,35.5393,0,0,egde-sample-small-01-control-plane-f7dd6,18:51:11 12/22/22 UTC
0.5205,0,18.9156,160.9905,9.5,14.0501,10.6605,0,0,17.1731,0,0,egde-sample-small-01-control-plane-f7dd6,18:51:19 12/22/22 UTC
1.0427,0,18.9189,387.0095,9.25,14.0499,20.9186,0,0,34.2969,0,0,egde-sample-small-01-control-plane-f7dd6,18:51:27 12/22/22 UTC
1.0427,0,18.9189,387.0095,9.25,14.0499,20.9186,0,0,34.2969,0,0,egde-sample-small-01-control-plane-f7dd6,18:51:36 12/22/22 UTC
1.0427,0,18.9189,387.0095,9.25,14.0499,20.9186,0,0,34.2969,0,0,egde-sample-small-01-control-plane-f7dd6,18:51:44 12/22/22 UTC
1.0427,0,18.9189,387.0095,9.25,14.0499,20.9186,0,0,34.2969,0,0,egde-sample-small-01-control-plane-f7dd6,18:51:52 12/22/22 UTC
1.0427,0,18.9189,387.0095,9.25,14.0499,20.9186,0,0,34.2969,0,0,egde-sample-small-01-control-plane-f7dd6,18:52:00 12/22/22 UTC
1.0427,0,18.9189,387.0095,9.25,14.0499,20.9186,0,0,34.2969,0,0,egde-sample-small-01-control-plane-f7dd6,18:52:08 12/22/22 UTC
0.5222,0,18.9189,226.019,9.25,14.0499,10.2581,0,0,17.1238,0,0,egde-sample-small-01-control-plane-f7dd6,18:52:17 12/22/22 UTC
0.5222,0,18.9189,226.019,9.25,14.0499,10.2581,0,0,17.1238,0,0,egde-sample-small-01-control-plane-f7dd6,18:52:25 12/22/22 UTC
1.0425,0,18.9597,470.3619,10,14.726,20.6749,0,0,34.1034,0,0,egde-sample-small-01-control-plane-f7dd6,18:52:33 12/22/22 UTC
1.0425,0,18.9597,470.3619,10,14.726,20.6749,0,0,34.1034,0,0,egde-sample-small-01-control-plane-f7dd6,18:52:41 12/22/22 UTC
1.0425,0,18.9597,470.3619,10,14.726,20.6749,0,0,34.1034,0,0,egde-sample-small-01-control-plane-f7dd6,18:52:49 12/22/22 UTC
1.0425,0,18.9597,470.3619,10,14.726,20.6749,0,0,34.1034,0,0,egde-sample-small-01-control-plane-f7dd6,18:52:57 12/22/22 UTC
1.0425,0,18.9597,470.3619,10,14.726,20.6749,0,0,34.1034,0,0,egde-sample-small-01-control-plane-f7dd6,18:53:05 12/22/22 UTC
0.5203,0,18.9597,244.3429,10,14.726,10.4168,0,0,16.9795,0,0,egde-sample-small-01-control-plane-f7dd6,18:53:13 12/22/22 UTC
0.5203,0,18.9597,244.3429,10,14.726,10.4168,0,0,16.9795,0,0,egde-sample-small-01-control-plane-f7dd6,18:53:22 12/22/22 UTC
1.0396,0.7619,18.963,415.6952,8.5,14.7775,21.4969,0,0,36.3803,0,0,egde-sample-small-01-control-plane-f7dd6,18:53:29 12/22/22 UTC
1.0396,0.7619,18.963,415.6952,8.5,14.7775,21.4969,0,0,36.3803,0,0,egde-sample-small-01-control-plane-f7dd6,18:53:37 12/22/22 UTC
1.0396,0.7619,18.963,415.6952,8.5,14.7775,21.4969,0,0,36.3803,0,0,egde-sample-small-01-control-plane-f7dd6,18:53:45 12/22/22 UTC
1.0396,0.7619,18.963,415.6952,8.5,14.7775,21.4969,0,0,36.3803,0,0,egde-sample-small-01-control-plane-f7dd6,18:53:53 12/22/22 UTC
1.0396,0.7619,18.963,415.6952,8.5,14.7775,21.4969,0,0,36.3803,0,0,egde-sample-small-01-control-plane-f7dd6,18:54:01 12/22/22 UTC
1.0396,0.7619,18.963,415.6952,8.5,14.7775,21.4969,0,0,36.3803,0,0,egde-sample-small-01-control-plane-f7dd6,18:54:09 12/22/22 UTC
0.5193,0.7619,18.963,171.3524,8.5,14.7775,11.0801,0,0,19.4007,0,0,egde-sample-small-01-control-plane-f7dd6,18:54:17 12/22/22 UTC
0.5193,0.7619,18.963,171.3524,8.5,14.7775,11.0801,0,0,19.4007,0,0,egde-sample-small-01-control-plane-f7dd6,18:54:25 12/22/22 UTC
1.0412,0.7619,18.9663,431.6571,8.25,13.6962,21.0033,0,0,34.6054,0,0,egde-sample-small-01-control-plane-f7dd6,18:54:33 12/22/22 UTC
1.0412,0.7619,18.9663,431.6571,8.25,13.6962,21.0033,0,0,34.6054,0,0,egde-sample-small-01-control-plane-f7dd6,18:54:42 12/22/22 UTC
1.0412,0.7619,18.9663,431.6571,8.25,13.6962,21.0033,0,0,34.6054,0,0,egde-sample-small-01-control-plane-f7dd6,18:54:50 12/22/22 UTC
1.0412,0.7619,18.9663,431.6571,8.25,13.6962,21.0033,0,0,34.6054,0,0,egde-sample-small-01-control-plane-f7dd6,18:54:58 12/22/22 UTC
1.0412,0.7619,18.9663,431.6571,8.25,13.6962,21.0033,0,0,34.6054,0,0,egde-sample-small-01-control-plane-f7dd6,18:55:06 12/22/22 UTC
0.5219,0,18.9663,260.3048,8.25,13.6962,9.9232,0,0,15.2047,0,0,egde-sample-small-01-control-plane-f7dd6,18:55:15 12/22/22 UTC
0.5219,0,18.9663,260.3048,8.25,13.6962,9.9232,0,0,15.2047,0,0,egde-sample-small-01-control-plane-f7dd6,18:55:23 12/22/22 UTC
1.044,0,19.0071,425.1048,7.75,13.7213,19.964,0,0,29.8128,0,0,egde-sample-small-01-control-plane-f7dd6,18:55:31 12/22/22 UTC
1.044,0,19.0071,425.1048,7.75,13.7213,19.964,0,0,29.8128,0,0,egde-sample-small-01-control-plane-f7dd6,18:55:39 12/22/22 UTC
1.044,0,19.0071,425.1048,7.75,13.7213,19.964,0,0,29.8128,0,0,egde-sample-small-01-control-plane-f7dd6,18:55:47 12/22/22 UTC
1.044,0,19.0071,425.1048,7.75,13.7213,19.964,0,0,29.8128,0,0,egde-sample-small-01-control-plane-f7dd6,18:55:55 12/22/22 UTC
1.044,0,19.0071,425.1048,7.75,13.7213,19.964,0,0,29.8128,0,0,egde-sample-small-01-control-plane-f7dd6,18:56:04 12/22/22 UTC
0.5221,0,19.0071,164.8,7.75,13.7213,10.0408,0,0,14.6081,0,0,egde-sample-small-01-control-plane-f7dd6,18:56:12 12/22/22 UTC
0.5221,0,19.0071,164.8,7.75,13.7213,10.0408,0,0,14.6081,0,0,egde-sample-small-01-control-plane-f7dd6,18:56:20 12/22/22 UTC
1.044,0,19.0103,408.8381,7.75,13.8269,20.4237,0,0,31.6812,0,0,egde-sample-small-01-control-plane-f7dd6,18:56:28 12/22/22 UTC
1.044,0,19.0103,408.8381,7.75,13.8269,20.4237,0,0,31.6812,0,0,egde-sample-small-01-control-plane-f7dd6,18:56:36 12/22/22 UTC
1.044,0,19.0103,408.8381,7.75,13.8269,20.4237,0,0,31.6812,0,0,egde-sample-small-01-control-plane-f7dd6,18:56:44 12/22/22 UTC
1.044,0,19.0103,408.8381,7.75,13.8269,20.4237,0,0,31.6812,0,0,egde-sample-small-01-control-plane-f7dd6,18:56:53 12/22/22 UTC
1.044,0,19.0103,408.8381,7.75,13.8269,20.4237,0,0,31.6812,0,0,egde-sample-small-01-control-plane-f7dd6,18:57:01 12/22/22 UTC
1.044,0,19.0103,408.8381,7.75,13.8269,20.4237,0,0,31.6812,0,0,egde-sample-small-01-control-plane-f7dd6,18:57:09 12/22/22 UTC
0.5219,0,19.0103,244.0381,7.75,13.8269,10.3829,0,0,17.0732,0,0,egde-sample-small-01-control-plane-f7dd6,18:57:17 12/22/22 UTC
0.5219,0,19.0103,244.0381,7.75,13.8269,10.3829,0,0,17.0732,0,0,egde-sample-small-01-control-plane-f7dd6,18:57:25 12/22/22 UTC
1.0411,0,19.0136,453.9048,6.75,14.8135,21.8816,0,0,35.3492,0,0,egde-sample-small-01-control-plane-f7dd6,18:57:33 12/22/22 UTC
1.0411,0,19.0136,453.9048,6.75,14.8135,21.8816,0,0,35.3492,0,0,egde-sample-small-01-control-plane-f7dd6,18:57:41 12/22/22 UTC
1.0411,0,19.0136,453.9048,6.75,14.8135,21.8816,0,0,35.3492,0,0,egde-sample-small-01-control-plane-f7dd6,18:57:49 12/22/22 UTC
1.0411,0,19.0136,453.9048,6.75,14.8135,21.8816,0,0,35.3492,0,0,egde-sample-small-01-control-plane-f7dd6,18:57:57 12/22/22 UTC
1.0411,0,19.0136,453.9048,6.75,14.8135,21.8816,0,0,35.3492,0,0,egde-sample-small-01-control-plane-f7dd6,18:58:05 12/22/22 UTC
0.5192,0,19.0136,209.8667,6.75,14.8135,11.4987,0,0,18.276,0,0,egde-sample-small-01-control-plane-f7dd6,18:58:14 12/22/22 UTC
0.5192,0,19.0136,209.8667,6.75,14.8135,11.4987,0,0,18.276,0,0,egde-sample-small-01-control-plane-f7dd6,18:58:22 12/22/22 UTC
1.0398,0,19.0168,409.7524,7.75,14.8011,22.3335,0,0,35.894,0,0,egde-sample-small-01-control-plane-f7dd6,18:58:30 12/22/22 UTC
1.0398,0,19.0168,409.7524,7.75,14.8011,22.3335,0,0,35.894,0,0,egde-sample-small-01-control-plane-f7dd6,18:58:38 12/22/22 UTC
1.0398,0,19.0168,409.7524,7.75,14.8011,22.3335,0,0,35.894,0,0,egde-sample-small-01-control-plane-f7dd6,18:58:46 12/22/22 UTC
1.0398,0,19.0168,409.7524,7.75,14.8011,22.3335,0,0,35.894,0,0,egde-sample-small-01-control-plane-f7dd6,18:58:54 12/22/22 UTC
1.0398,0,19.0168,409.7524,7.75,14.8011,22.3335,0,0,35.894,0,0,egde-sample-small-01-control-plane-f7dd6,18:59:02 12/22/22 UTC
1.0398,0,19.0168,409.7524,7.75,14.8011,22.3335,0,0,35.894,0,0,egde-sample-small-01-control-plane-f7dd6,18:59:10 12/22/22 UTC
0.5205,0,19.0168,199.8857,7.75,14.8011,10.8348,0,0,17.618,0,0,egde-sample-small-01-control-plane-f7dd6,18:59:18 12/22/22 UTC
0.5205,0,19.0168,199.8857,7.75,14.8011,10.8348,0,0,17.618,0,0,egde-sample-small-01-control-plane-f7dd6,18:59:26 12/22/22 UTC
1.0428,0,19.0201,445.4095,7.5,13.545,20.867,0,0,32.5721,0,0,egde-sample-small-01-control-plane-f7dd6,18:59:34 12/22/22 UTC
1.0428,0,19.0201,445.4095,7.5,13.545,20.867,0,0,32.5721,0,0,egde-sample-small-01-control-plane-f7dd6,18:59:42 12/22/22 UTC
1.0428,0,19.0201,445.4095,7.5,13.545,20.867,0,0,32.5721,0,0,egde-sample-small-01-control-plane-f7dd6,18:59:50 12/22/22 UTC
1.0428,0,19.0201,445.4095,7.5,13.545,20.867,0,0,32.5721,0,0,egde-sample-small-01-control-plane-f7dd6,18:59:58 12/22/22 UTC
1.0428,0,19.0201,445.4095,7.5,13.545,20.867,0,0,32.5721,0,0,egde-sample-small-01-control-plane-f7dd6,19:00:07 12/22/22 UTC
0.5223,0,19.0201,245.5238,7.5,13.545,10.0322,0,0,14.9541,0,0,egde-sample-small-01-control-plane-f7dd6,19:00:15 12/22/22 UTC
0.5223,0,19.0201,245.5238,7.5,13.545,10.0322,0,0,14.9541,0,0,egde-sample-small-01-control-plane-f7dd6,19:00:24 12/22/22 UTC
1.0473,3.2381,19.0622,469.3714,6.75,13.1125,17.2911,0,0,25.9405,0,0,egde-sample-small-01-control-plane-f7dd6,19:00:33 12/22/22 UTC
1.0473,3.2381,19.0622,469.3714,6.75,13.1125,17.2911,0,0,25.9405,0,0,egde-sample-small-01-control-plane-f7dd6,19:00:41 12/22/22 UTC
1.0473,3.2381,19.0622,469.3714,6.75,13.1125,17.2911,0,0,25.9405,0,0,egde-sample-small-01-control-plane-f7dd6,19:00:50 12/22/22 UTC
1.0473,3.2381,19.0622,469.3714,6.75,13.1125,17.2911,0,0,25.9405,0,0,egde-sample-small-01-control-plane-f7dd6,19:00:59 12/22/22 UTC
1.0473,3.2381,19.0622,469.3714,6.75,13.1125,17.2911,0,0,25.9405,0,0,egde-sample-small-01-control-plane-f7dd6,19:01:07 12/22/22 UTC
0.525,3.2381,19.0622,223.8476,6.75,13.1125,7.2589,0,0,10.9864,0,0,egde-sample-small-01-control-plane-f7dd6,19:01:16 12/22/22 UTC
0.525,3.2381,19.0622,223.8476,6.75,13.1125,7.2589,0,0,10.9864,0,0,egde-sample-small-01-control-plane-f7dd6,19:01:25 12/22/22 UTC
1.0518,3.2381,19.1799,472.3048,9,13.2791,18.4627,0,0,29.3536,0,0,egde-sample-small-01-control-plane-f7dd6,19:01:33 12/22/22 UTC
1.0518,3.2381,19.1799,472.3048,9,13.2791,18.4627,0,0,34.2458,0,0,egde-sample-small-01-control-plane-f7dd6,19:01:42 12/22/22 UTC
1.0518,3.2381,19.1799,472.3048,9,13.2791,18.4627,0,0,29.3536,0,0,egde-sample-small-01-control-plane-f7dd6,19:01:50 12/22/22 UTC
1.0518,3.2381,19.1799,472.3048,9,13.2791,18.4627,0,0,29.3536,0,0,egde-sample-small-01-control-plane-f7dd6,19:01:58 12/22/22 UTC
1.0518,3.2381,19.1799,472.3048,9,13.2791,18.4627,0,0,29.3536,0,0,egde-sample-small-01-control-plane-f7dd6,19:02:06 12/22/22 UTC
0.5268,0,19.1799,248.4571,9,13.2791,11.2038,0,0,18.3672,0,0,egde-sample-small-01-control-plane-f7dd6,19:02:15 12/22/22 UTC
0.5268,0,19.1799,248.4571,9,13.2791,11.2038,0,0,18.3672,0,0,egde-sample-small-01-control-plane-f7dd6,19:02:23 12/22/22 UTC
1.0542,0,19.1832,520.6857,8.25,14.1143,20.5958,0,0,33.9517,0,0,egde-sample-small-01-control-plane-f7dd6,19:02:31 12/22/22 UTC
1.0542,0,19.1832,520.6857,8.25,14.1143,20.5958,0,0,33.9517,0,0,egde-sample-small-01-control-plane-f7dd6,19:02:39 12/22/22 UTC
1.0542,0,19.1832,520.6857,8.25,14.1143,20.5958,0,0,33.9517,0,0,egde-sample-small-01-control-plane-f7dd6,19:02:47 12/22/22 UTC
1.0542,0,19.1832,520.6857,8.25,14.1143,20.5958,0,0,33.9517,0,0,egde-sample-small-01-control-plane-f7dd6,19:02:55 12/22/22 UTC
1.0542,0,19.1832,520.6857,8.25,14.1143,20.5958,0,0,33.9517,0,0,egde-sample-small-01-control-plane-f7dd6,19:03:03 12/22/22 UTC
1.0542,0,19.1832,520.6857,8.25,14.1143,20.5958,0,0,33.9517,0,0,egde-sample-small-01-control-plane-f7dd6,19:03:11 12/22/22 UTC
0.5274,0,19.1832,272.2286,8.25,14.1143,9.392,0,0,15.5845,0,0,egde-sample-small-01-control-plane-f7dd6,19:03:20 12/22/22 UTC
1.0583,0,19.1865,432.2667,6.5,14.1256,17.6041,0,0,27.5295,0,0,egde-sample-small-01-control-plane-f7dd6,19:03:28 12/22/22 UTC
1.0583,0,19.1865,432.2667,6.5,14.1256,17.6041,0,0,27.5295,0,0,egde-sample-small-01-control-plane-f7dd6,19:03:36 12/22/22 UTC
1.0583,0,19.1865,432.2667,6.5,14.1256,17.6041,0,0,27.5295,0,0,egde-sample-small-01-control-plane-f7dd6,19:03:44 12/22/22 UTC
1.0583,0,19.1865,432.2667,6.5,14.1256,17.6041,0,0,27.5295,0,0,egde-sample-small-01-control-plane-f7dd6,19:03:52 12/22/22 UTC
1.0583,0,19.1865,432.2667,6.5,14.1256,17.6041,0,0,27.5295,0,0,egde-sample-small-01-control-plane-f7dd6,19:04:00 12/22/22 UTC
1.0583,0,19.1865,432.2667,6.5,14.1256,17.6041,0,0,27.5295,0,0,egde-sample-small-01-control-plane-f7dd6,19:04:08 12/22/22 UTC
0.5309,0,19.1865,160.0381,6.5,14.1256,8.2121,0,0,11.945,0,0,egde-sample-small-01-control-plane-f7dd6,19:04:16 12/22/22 UTC
0.5309,0,19.1865,160.0381,6.5,14.1256,8.2121,0,0,11.945,0,0,egde-sample-small-01-control-plane-f7dd6,19:04:24 12/22/22 UTC
1.0618,0,19.1897,399.0857,6.75,13.0712,15.6731,0,0,23.0727,0,0,egde-sample-small-01-control-plane-f7dd6,19:04:32 12/22/22 UTC
1.0618,0,19.1897,399.0857,6.75,13.0712,15.6731,0,0,23.0727,0,0,egde-sample-small-01-control-plane-f7dd6,19:04:40 12/22/22 UTC
1.0618,0,19.1897,399.0857,6.75,13.0712,15.6731,0,0,23.0727,0,0,egde-sample-small-01-control-plane-f7dd6,19:04:48 12/22/22 UTC
1.0618,0,19.1897,399.0857,6.75,13.0712,15.6731,0,0,23.0727,0,0,egde-sample-small-01-control-plane-f7dd6,19:04:56 12/22/22 UTC
1.0618,0,19.1897,399.0857,6.75,13.0712,15.6731,0,0,23.0727,0,0,egde-sample-small-01-control-plane-f7dd6,19:05:04 12/22/22 UTC
0.6194,0,19.1897,278.8889,6.75,13.0712,8.7045,0,0,11.1277,0,0,egde-sample-small-01-control-plane-f7dd6,19:05:12 12/22/22 UTC
0.5309,0,19.1897,239.0476,6.75,13.0712,7.461,0,0,11.1277,0,0,egde-sample-small-01-control-plane-f7dd6,19:05:20 12/22/22 UTC
1.0613,0,19.1555,480.9905,6.25,12.9328,14.5642,0,0,21.3967,0,0,egde-sample-small-01-control-plane-f7dd6,19:05:28 12/22/22 UTC
1.0613,0,19.1555,480.9905,6.25,12.9328,14.5642,0,0,21.3967,0,0,egde-sample-small-01-control-plane-f7dd6,19:05:37 12/22/22 UTC
1.0613,0,19.1555,480.9905,6.25,12.9328,14.5642,0,0,21.3967,0,0,egde-sample-small-01-control-plane-f7dd6,19:05:45 12/22/22 UTC
1.0613,0,19.1555,480.9905,6.25,12.9328,14.5642,0,0,21.3967,0,0,egde-sample-small-01-control-plane-f7dd6,19:05:53 12/22/22 UTC
1.0613,0,19.1555,480.9905,6.25,12.9328,14.5642,0,0,21.3967,0,0,egde-sample-small-01-control-plane-f7dd6,19:06:01 12/22/22 UTC
1.0613,0,19.1555,480.9905,6.25,12.9328,14.5642,0,0,21.3967,0,0,egde-sample-small-01-control-plane-f7dd6,19:06:09 12/22/22 UTC
0.5304,0,19.1555,241.9359,6.25,12.9328,7.1031,0,0,10.2688,0,0,egde-sample-small-01-control-plane-f7dd6,19:06:17 12/22/22 UTC
0.5304,0,19.1555,241.9359,6.25,12.9328,7.1031,0,0,10.2688,0,0,egde-sample-small-01-control-plane-f7dd6,19:06:25 12/22/22 UTC
1.061,0,19.1963,403.3905,6,13.0182,14.9285,0,0,22.8247,0,0,egde-sample-small-01-control-plane-f7dd6,19:06:33 12/22/22 UTC
1.061,0,19.1963,403.3905,6,13.0182,14.9285,0,0,22.8247,0,0,egde-sample-small-01-control-plane-f7dd6,19:06:41 12/22/22 UTC
1.061,0,19.1963,403.3905,6,13.0182,14.9285,0,0,22.8247,0,0,egde-sample-small-01-control-plane-f7dd6,19:06:49 12/22/22 UTC
1.061,0,19.1963,403.3905,6,13.0182,14.9285,0,0,22.8247,0,0,egde-sample-small-01-control-plane-f7dd6,19:06:57 12/22/22 UTC
1.061,0,19.1963,403.3905,6,13.0182,14.9285,0,0,22.8247,0,0,egde-sample-small-01-control-plane-f7dd6,19:07:05 12/22/22 UTC
0.5306,0,19.1963,161.4476,6,13.0182,7.8253,0,0,12.5556,0,0,egde-sample-small-01-control-plane-f7dd6,19:07:13 12/22/22 UTC
0.5306,0,19.1963,161.4476,6,13.0182,7.8253,0,0,12.5556,0,0,egde-sample-small-01-control-plane-f7dd6,19:07:21 12/22/22 UTC
1.0597,0,19.1996,410.5905,6.25,14.0591,15.7578,0,0,24.7488,0,0,egde-sample-small-01-control-plane-f7dd6,19:07:29 12/22/22 UTC
1.0597,0,19.1996,410.5905,6.25,14.0591,15.7578,0,0,24.7488,0,0,egde-sample-small-01-control-plane-f7dd6,19:07:37 12/22/22 UTC
1.0597,0,19.1996,410.5905,6.25,14.0591,15.7578,0,0,24.7488,0,0,egde-sample-small-01-control-plane-f7dd6,19:07:46 12/22/22 UTC
1.0597,0,19.1996,410.5905,6.25,14.0591,15.7578,0,0,24.7488,0,0,egde-sample-small-01-control-plane-f7dd6,19:07:54 12/22/22 UTC
1.0598,0,19.1996,410.6022,6.25,14.0591,15.7583,0,0,24.7495,0,0,egde-sample-small-01-control-plane-f7dd6,19:08:02 12/22/22 UTC
1.0598,0,19.1996,410.6022,6.25,14.0591,15.7583,0,0,24.7495,0,0,egde-sample-small-01-control-plane-f7dd6,19:08:10 12/22/22 UTC
0.5291,0,19.1996,249.1429,6.25,14.0591,7.9326,0,0,12.1932,0,0,egde-sample-small-01-control-plane-f7dd6,19:08:18 12/22/22 UTC
0.5291,0,19.1996,249.1429,6.25,14.0591,7.9326,0,0,12.1932,0,0,egde-sample-small-01-control-plane-f7dd6,19:08:26 12/22/22 UTC
1.06,0,19.2028,498.9333,6.25,14.1034,16.0365,0,0,24.3277,0,0,egde-sample-small-01-control-plane-f7dd6,19:08:34 12/22/22 UTC
1.2366,0,19.2028,582.0889,6.25,14.1034,18.7092,0,0,28.3823,0,0,egde-sample-small-01-control-plane-f7dd6,19:08:42 12/22/22 UTC
1.06,0,19.2028,498.9333,6.25,14.1034,16.0365,0,0,24.3277,0,0,egde-sample-small-01-control-plane-f7dd6,19:08:50 12/22/22 UTC
1.06,0,19.2028,498.9333,6.25,14.1034,16.0365,0,0,24.3277,0,0,egde-sample-small-01-control-plane-f7dd6,19:08:58 12/22/22 UTC
1.06,0,19.2028,498.9333,6.25,14.1034,16.0365,0,0,24.3277,0,0,egde-sample-small-01-control-plane-f7dd6,19:09:06 12/22/22 UTC
0.5308,0,19.2028,249.7905,6.25,14.1034,8.1039,0,0,12.1345,0,0,egde-sample-small-01-control-plane-f7dd6,19:09:14 12/22/22 UTC
0.5308,0,19.2028,249.7905,6.25,14.1034,8.1039,0,0,12.1345,0,0,egde-sample-small-01-control-plane-f7dd6,19:09:22 12/22/22 UTC
1.0615,0,19.2061,413.6762,6.5,12.8195,15.8453,0,0,23.3257,0,0,egde-sample-small-01-control-plane-f7dd6,19:09:30 12/22/22 UTC
1.0615,0,19.2061,413.6762,6.5,12.8195,15.8453,0,0,23.3257,0,0,egde-sample-small-01-control-plane-f7dd6,19:09:38 12/22/22 UTC
1.0615,0,19.2061,413.6762,6.5,12.8195,15.8453,0,0,23.3257,0,0,egde-sample-small-01-control-plane-f7dd6,19:09:46 12/22/22 UTC
1.0615,0,19.2061,413.6762,6.5,12.8195,15.8453,0,0,23.3257,0,0,egde-sample-small-01-control-plane-f7dd6,19:09:54 12/22/22 UTC
1.0615,0,19.2061,413.6762,6.5,12.8195,15.8453,0,0,23.3257,0,0,egde-sample-small-01-control-plane-f7dd6,19:10:02 12/22/22 UTC
1.0615,0,19.2061,413.6762,6.5,12.8195,15.8453,0,0,23.3257,0,0,egde-sample-small-01-control-plane-f7dd6,19:10:10 12/22/22 UTC
0.5306,0,19.2061,163.8857,6.5,12.8195,7.7414,0,0,11.1912,0,0,egde-sample-small-01-control-plane-f7dd6,19:10:19 12/22/22 UTC
1.0605,0,19.2469,456.1143,5.25,12.923,15.6051,0,0,23.4157,0,0,egde-sample-small-01-control-plane-f7dd6,19:10:27 12/22/22 UTC
1.0605,0,19.2469,456.1143,5.25,12.923,15.6051,0,0,23.4157,0,0,egde-sample-small-01-control-plane-f7dd6,19:10:36 12/22/22 UTC
1.0605,0,19.2469,456.1143,5.25,12.923,15.6051,0,0,23.4157,0,0,egde-sample-small-01-control-plane-f7dd6,19:10:44 12/22/22 UTC
1.0605,0,19.2469,456.1143,5.25,12.923,15.6051,0,0,23.4157,0,0,egde-sample-small-01-control-plane-f7dd6,19:10:52 12/22/22 UTC
1.0605,0,19.2469,456.1143,5.25,12.923,15.6051,0,0,23.4157,0,0,egde-sample-small-01-control-plane-f7dd6,19:11:00 12/22/22 UTC
1.0605,0,19.2469,456.1143,5.25,12.923,15.6051,0,0,23.4157,0,0,egde-sample-small-01-control-plane-f7dd6,19:11:08 12/22/22 UTC
0.5299,0,19.2469,292.2286,5.25,12.923,7.8638,0,0,12.2245,0,0,egde-sample-small-01-control-plane-f7dd6,19:11:16 12/22/22 UTC
0.5299,0,19.2469,292.2286,5.25,12.923,7.8638,0,0,12.2245,0,0,egde-sample-small-01-control-plane-f7dd6,19:11:24 12/22/22 UTC
1.06,0,19.2502,431.9619,5.75,12.991,14.9909,0,0,22.5165,0,0,egde-sample-small-01-control-plane-f7dd6,19:11:32 12/22/22 UTC
1.06,0,19.2502,431.9619,5.75,12.991,14.9909,0,0,22.5165,0,0,egde-sample-small-01-control-plane-f7dd6,19:11:40 12/22/22 UTC
1.06,0,19.2502,431.9619,5.75,12.991,14.9909,0,0,22.5165,0,0,egde-sample-small-01-control-plane-f7dd6,19:11:48 12/22/22 UTC
1.06,0,19.2502,431.9619,5.75,12.991,14.9909,0,0,22.5165,0,0,egde-sample-small-01-control-plane-f7dd6,19:11:56 12/22/22 UTC
1.06,0,19.2502,431.9619,5.75,12.991,14.9909,0,0,22.5165,0,0,egde-sample-small-01-control-plane-f7dd6,19:12:04 12/22/22 UTC
0.5301,0,19.2502,139.7333,5.75,12.991,7.1272,0,0,10.292,0,0,egde-sample-small-01-control-plane-f7dd6,19:12:12 12/22/22 UTC
0.5301,0,19.2502,139.7333,5.75,12.991,7.1272,0,0,10.292,0,0,egde-sample-small-01-control-plane-f7dd6,19:12:20 12/22/22 UTC
1.0593,0.0381,19.2534,407.1619,5,14.0119,14.817,0,0,22.5694,0,0,egde-sample-small-01-control-plane-f7dd6,19:12:28 12/22/22 UTC
1.0593,0.0381,19.2534,407.1619,5,14.0119,14.817,0,0,22.5694,0,0,egde-sample-small-01-control-plane-f7dd6,19:12:36 12/22/22 UTC
1.0593,0.0381,19.2534,407.1619,5,14.0119,14.817,0,0,22.5694,0,0,egde-sample-small-01-control-plane-f7dd6,19:12:44 12/22/22 UTC
1.0593,0.0381,19.2534,407.1619,5,14.0119,14.817,0,0,22.5694,0,0,egde-sample-small-01-control-plane-f7dd6,19:12:53 12/22/22 UTC
1.0593,0.0381,19.2534,407.1619,5,14.0119,14.817,0,0,22.5694,0,0,egde-sample-small-01-control-plane-f7dd6,19:13:01 12/22/22 UTC
1.0593,0.0381,19.2534,407.1619,5,14.0119,14.817,0,0,22.5694,0,0,egde-sample-small-01-control-plane-f7dd6,19:13:09 12/22/22 UTC
0.5292,0.0381,19.2534,267.4286,5,14.0119,7.6898,0,0,12.2775,0,0,egde-sample-small-01-control-plane-f7dd6,19:13:17 12/22/22 UTC
0.5292,0.0381,19.2534,267.4286,5,14.0119,7.6898,0,0,12.2775,0,0,egde-sample-small-01-control-plane-f7dd6,19:13:25 12/22/22 UTC
1.059,0.0381,19.2567,515.9238,6.5,14.0121,15.6804,0,0,23.8922,0,0,egde-sample-small-01-control-plane-f7dd6,19:13:33 12/22/22 UTC
1.059,0.0381,19.2567,515.9238,6.5,14.0121,15.6804,0,0,23.8922,0,0,egde-sample-small-01-control-plane-f7dd6,19:13:41 12/22/22 UTC
1.059,0.0381,19.2567,515.9238,6.5,14.0121,15.6804,0,0,23.8922,0,0,egde-sample-small-01-control-plane-f7dd6,19:13:49 12/22/22 UTC
1.059,0.0381,19.2567,515.9238,6.5,14.0121,15.6804,0,0,23.8922,0,0,egde-sample-small-01-control-plane-f7dd6,19:13:57 12/22/22 UTC
1.059,0.0381,19.2567,515.9238,6.5,14.0121,15.6804,0,0,23.8922,0,0,egde-sample-small-01-control-plane-f7dd6,19:14:05 12/22/22 UTC
0.5299,0,19.2567,248.4952,6.5,14.0121,7.9906,0,0,11.6147,0,0,egde-sample-small-01-control-plane-f7dd6,19:14:13 12/22/22 UTC
0.5299,0,19.2567,248.4952,6.5,14.0121,7.9906,0,0,11.6147,0,0,egde-sample-small-01-control-plane-f7dd6,19:14:21 12/22/22 UTC
1.0582,0,19.2599,394.8571,6,12.8438,15.6417,0,0,22.824,0,0,egde-sample-small-01-control-plane-f7dd6,19:14:29 12/22/22 UTC
1.0582,0,19.2599,394.8571,6,12.8438,15.6417,0,0,22.824,0,0,egde-sample-small-01-control-plane-f7dd6,19:14:37 12/22/22 UTC
1.0582,0,19.2599,394.8571,6,12.8438,15.6417,0,0,22.824,0,0,egde-sample-small-01-control-plane-f7dd6,19:14:45 12/22/22 UTC
1.0582,0,19.2599,394.8571,6,12.8438,15.6417,0,0,22.824,0,0,egde-sample-small-01-control-plane-f7dd6,19:14:53 12/22/22 UTC
1.0582,0,19.2599,394.8571,6,12.8438,15.6417,0,0,22.824,0,0,egde-sample-small-01-control-plane-f7dd6,19:15:01 12/22/22 UTC
1.0582,0,19.2599,394.8571,6,12.8438,15.6417,0,0,22.824,0,0,egde-sample-small-01-control-plane-f7dd6,19:15:09 12/22/22 UTC
0.5283,0,19.2599,146.3619,6,12.8438,7.6511,0,0,11.2093,0,0,egde-sample-small-01-control-plane-f7dd6,19:15:18 12/22/22 UTC
0.5283,0,19.2599,146.3619,6,12.8438,7.6511,0,0,11.2093,0,0,egde-sample-small-01-control-plane-f7dd6,19:15:26 12/22/22 UTC
1.0592,0,19.3007,458.6667,5.25,12.8938,14.8478,0,0,21.9867,0,0,egde-sample-small-01-control-plane-f7dd6,19:15:35 12/22/22 UTC
1.0592,0,19.3007,458.6667,5.25,12.8938,14.8478,0,0,21.9867,0,0,egde-sample-small-01-control-plane-f7dd6,19:15:43 12/22/22 UTC
